IMU_POSE_0,Sync_imu_0,IMU_POSE_1,Sync_imu_1,IMU_POSE_2,Sync_imu_2,IMU_POSE_3,Sync_imu_3,IMU_POSE_4,Sync_imu_4
0.026621341705322266,0.026841163635253906,0.019761323928833008,0.0269317626953125,0.026725053787231445,0.026961088180541992,0.025009632110595703,0.026900053024291992,0.03858494758605957,0.027391672134399414
0.04325270652770996,0.045412540435791016,0.03483271598815918,0.0449368953704834,0.043506622314453125,0.04520678520202637,0.02502608299255371,0.04533553123474121,0.03858542442321777,0.04475212097167969
0.04325604438781738,0.04555487632751465,0.034967660903930664,0.045298099517822266,0.04351019859313965,0.04524517059326172,0.04046154022216797,0.04535388946533203,0.05356431007385254,0.04548811912536621
0.05880904197692871,0.060530900955200195,0.05005335807800293,0.06010937690734863,0.059159040451049805,0.0608668327331543,0.05568337440490723,0.06032824516296387,0.0697932243347168,0.06074357032775879
0.058812618255615234,0.07601666450500488,0.06549334526062012,0.07630538940429688,0.07524895668029785,0.07721567153930664,0.055770158767700195,0.07750940322875977,0.06995439529418945,0.07702302932739258
0.07488107681274414,0.07788610458374023,0.06552338600158691,0.0781865119934082,0.07525253295898438,0.07876276969909668,0.07133936882019043,0.07902765274047852,0.08542013168334961,0.07936549186706543
0.09070515632629395,0.0906376838684082,0.0812993049621582,0.09078788757324219,0.09007954597473145,0.09060001373291016,0.08667850494384766,0.09047579765319824,0.08560919761657715,0.09082889556884766
0.09099555015563965,0.10709428787231445,0.09726595878601074,0.10924339294433594,0.10651135444641113,0.10779595375061035,0.08690357208251953,0.10897445678710938,0.1011357307434082,0.10822892189025879
0.10561966896057129,0.10978960990905762,0.09726977348327637,0.10924696922302246,0.10651469230651855,0.11057758331298828,0.10228967666625977,0.1103360652923584,0.11695456504821777,0.11075949668884277
0.12164688110351562,0.12345695495605469,0.11198949813842773,0.12385892868041992,0.12227058410644531,0.12405776977539062,0.11732912063598633,0.1236720085144043,0.11724853515625,0.1249992847442627
0.12165021896362305,0.12590670585632324,0.12802433967590332,0.12578892707824707,0.12227416038513184,0.12595009803771973,0.11753559112548828,0.12605977058410645,0.1326911449432373,0.1261606216430664
0.1367042064666748,0.13930511474609375,0.12833166122436523,0.1395719051361084,0.13867926597595215,0.14019107818603516,0.1331021785736084,0.14064383506774902,0.14785981178283691,0.14100861549377441
0.15256595611572266,0.15381622314453125,0.1435105800628662,0.15414166450500488,0.1532280445098877,0.15431666374206543,0.14854168891906738,0.15480923652648926,0.14795947074890137,0.15462064743041992
0.15272879600524902,0.155928373336792,0.15935087203979492,0.15677595138549805,0.15332913398742676,0.1569042205810547,0.14864850044250488,0.15652894973754883,0.16344189643859863,0.15674638748168945
0.16735553741455078,0.1709895133972168,0.15941405296325684,0.17015433311462402,0.16900086402893066,0.1699817180633545,0.16352009773254395,0.17070460319519043,0.1788020133972168,0.17040061950683594
0.18265748023986816,0.18541216850280762,0.17571377754211426,0.18582606315612793,0.18431925773620605,0.18688297271728516,0.17934632301330566,0.1864025592803955,0.17890167236328125,0.18704581260681152
0.18276476860046387,0.18709993362426758,0.17581415176391602,0.18721556663513184,0.18442249298095703,0.18726897239685059,0.1795978546142578,0.18744397163391113,0.1941366195678711,0.18741750717163086
0.1973268985748291,0.2016158103942871,0.1908731460571289,0.20107460021972656,0.20025897026062012,0.20182585716247559,0.19485259056091309,0.2027280330657959,0.20993709564208984,0.20232248306274414
0.21349358558654785,0.21763157844543457,0.20735645294189453,0.2167973518371582,0.2157740592956543,0.21778345108032227,0.21033215522766113,0.21742510795593262,0.2100822925567627,0.2183973789215088
0.21362900733947754,0.21872615814208984,0.2074568271636963,0.21963715553283691,0.21587657928466797,0.21993112564086914,0.21043109893798828,0.21978497505187988,0.22461652755737305,0.22055292129516602
0.22838115692138672,0.23397231101989746,0.22214007377624512,0.23256182670593262,0.23157882690429688,0.23355436325073242,0.2262415885925293,0.23339033126831055,0.2402348518371582,0.2338089942932129
0.22849369049072266,0.24889445304870605,0.2388443946838379,0.24864840507507324,0.2470848560333252,0.24822163581848145,0.22631049156188965,0.24841904640197754,0.24033689498901367,0.24902081489562988
0.24340271949768066,0.24988651275634766,0.23894333839416504,0.2504568099975586,0.24718761444091797,0.2502884864807129,0.24121880531311035,0.2505638599395752,0.25552940368652344,0.2505931854248047
0.2582814693450928,0.26250243186950684,0.2541806697845459,0.2623562812805176,0.26203298568725586,0.2624237537384033,0.25623059272766113,0.2624630928039551,0.255767822265625,0.2626950740814209
0.2584860324859619,0.2627217769622803,0.26920580863952637,0.2626497745513916,0.2621581554412842,0.2626187801361084,0.25624847412109375,0.26278090476989746,0.2708299160003662,0.26284289360046387
0.2743382453918457,0.27777814865112305,0.2695169448852539,0.2776658535003662,0.2774934768676758,0.277820348739624,0.2713608741760254,0.2778964042663574,0.2864065170288086,0.2778654098510742
0.2904536724090576,0.2946937084197998,0.2843785285949707,0.2964046001434326,0.2934238910675049,0.29454851150512695,0.28758788108825684,0.2951357364654541,0.28655147552490234,0.2948915958404541
0.2907836437225342,0.2962803840637207,0.2847256660461426,0.29691028594970703,0.2935791015625,0.2966771125793457,0.28772735595703125,0.29610490798950195,0.30182909965515137,0.2959001064300537
0.3054659366607666,0.3102138042449951,0.2997007369995117,0.3103804588317871,0.30936408042907715,0.31155991554260254,0.3039231300354004,0.31134867668151855,0.3175389766693115,0.31188297271728516
0.3204350471496582,0.32634639739990234,0.31525230407714844,0.32851076126098633,0.32566165924072266,0.3293769359588623,0.31916332244873047,0.32743144035339355,0.31780147552490234,0.3281590938568115
0.32060790061950684,0.32729601860046387,0.3155078887939453,0.32904577255249023,0.3260056972503662,0.329517126083374,0.31924867630004883,0.3287231922149658,0.33342838287353516,0.3282904624938965
0.3365156650543213,0.34244823455810547,0.3311498165130615,0.3422579765319824,0.3404078483581543,0.3420600891113281,0.33376264572143555,0.3426485061645508,0.34998559951782227,0.3428459167480469
0.35222554206848145,0.35621023178100586,0.3467271327972412,0.35637378692626953,0.35541701316833496,0.3576173782348633,0.3503406047821045,0.35787510871887207,0.35013651847839355,0.3578479290008545
0.3526437282562256,0.35735297203063965,0.34682679176330566,0.3579213619232178,0.3555281162261963,0.3581109046936035,0.35048961639404297,0.35802555084228516,0.364490270614624,0.3580758571624756
0.36763596534729004,0.3721742630004883,0.3616182804107666,0.3719639778137207,0.3713374137878418,0.373382568359375,0.3658299446105957,0.3728213310241699,0.3811962604522705,0.3731873035430908
0.3840646743774414,0.3878641128540039,0.37708115577697754,0.3887755870819092,0.3871018886566162,0.38809752464294434,0.36618947982788086,0.3895881175994873,0.3812997341156006,0.38899755477905273
0.384657621383667,0.38971757888793945,0.37721943855285645,0.38948941230773926,0.38724446296691895,0.3896913528442383,0.38191699981689453,0.3896327018737793,0.39527297019958496,0.3896610736846924
0.39920949935913086,0.4038350582122803,0.39321208000183105,0.40448975563049316,0.40310096740722656,0.4040510654449463,0.3972783088684082,0.40426111221313477,0.3953680992126465,0.4051990509033203
0.39931464195251465,0.40625643730163574,0.4087252616882324,0.4060838222503662,0.403209924697876,0.40680718421936035,0.397324800491333,0.40703773498535156,0.41074633598327637,0.4070930480957031
0.4141714572906494,0.4195282459259033,0.4089334011077881,0.41937899589538574,0.41913795471191406,0.4194600582122803,0.4123692512512207,0.4194307327270508,0.4262111186981201,0.4193449020385742
0.4307093620300293,0.43628954887390137,0.4247732162475586,0.43598270416259766,0.4352574348449707,0.43781566619873047,0.4276890754699707,0.4379868507385254,0.4264090061187744,0.4381856918334961
0.4308156967163086,0.43889951705932617,0.424907922744751,0.4376494884490967,0.43535876274108887,0.4383668899536133,0.4280097484588623,0.43871355056762695,0.4418373107910156,0.43854665756225586
0.44646120071411133,0.4523444175720215,0.44115257263183594,0.45253920555114746,0.4510812759399414,0.4528067111968994,0.4438169002532959,0.45296573638916016,0.4579298496246338,0.45325422286987305
0.4616708755493164,0.4681589603424072,0.45648837089538574,0.46853065490722656,0.46697211265563965,0.4678611755371094,0.4596395492553711,0.4683053493499756,0.45801758766174316,0.4692392349243164
0.4617953300476074,0.4694488048553467,0.4565868377685547,0.47011232376098633,0.4671285152435303,0.47050976753234863,0.46053481101989746,0.47029852867126465,0.4737100601196289,0.4706752300262451
0.4770681858062744,0.482785701751709,0.47147321701049805,0.48303747177124023,0.4825310707092285,0.48290133476257324,0.47449231147766113,0.48307275772094727,0.4896700382232666,0.4829425811767578
0.4933171272277832,0.48324131965637207,0.48658156394958496,0.4832775592803955,0.4828212261199951,0.48332834243774414,0.49151611328125,0.4834017753601074,0.4896860122680664,0.48335909843444824
0.4935312271118164,0.5001471042633057,0.4867978096008301,0.5015642642974854,0.4995546340942383,0.5008821487426758,0.49199509620666504,0.5006916522979736,0.5051455497741699,0.5014128684997559
0.5094449520111084,0.515277624130249,0.5025272369384766,0.5157995223999023,0.5147900581359863,0.5171499252319336,0.5070219039916992,0.5166211128234863,0.5203781127929688,0.5164151191711426
0.5095548629760742,0.5174293518066406,0.5178401470184326,0.5181605815887451,0.5148899555206299,0.5185856819152832,0.5073099136352539,0.5184957981109619,0.5205397605895996,0.5186221599578857
0.5250146389007568,0.5316953659057617,0.5179839134216309,0.531890869140625,0.5307478904724121,0.5320711135864258,0.5217320919036865,0.5331144332885742,0.5357556343078613,0.533362627029419
0.5406465530395508,0.5475890636444092,0.533599853515625,0.5482931137084961,0.5467801094055176,0.5486443042755127,0.538276195526123,0.5484564304351807,0.5358524322509766,0.5492908954620361
0.5408036708831787,0.5510847568511963,0.5494546890258789,0.5509054660797119,0.5468838214874268,0.550727128982544,0.5386285781860352,0.5512521266937256,0.5518207550048828,0.5520884990692139
0.5560095310211182,0.5635583400726318,0.5495469570159912,0.5637946128845215,0.5625753402709961,0.5639798641204834,0.5531661510467529,0.564424991607666,0.5675697326660156,0.5642144680023193
0.5709242820739746,0.5653674602508545,0.5648243427276611,0.5652155876159668,0.5626881122589111,0.5650010108947754,0.5691015720367432,0.5651755332946777,0.5678353309631348,0.5652835369110107
0.5711748600006104,0.5792942047119141,0.5648796558380127,0.5806422233581543,0.5787746906280518,0.5808749198913574,0.5697798728942871,0.5802295207977295,0.5830700397491455,0.5810685157775879
0.5866849422454834,0.5952835083007812,0.5804305076599121,0.5950806140899658,0.5941073894500732,0.595935583114624,0.5855028629302979,0.5958123207092285,0.5984516143798828,0.5955018997192383
0.6014916896820068,0.5962512493133545,0.596449613571167,0.5973451137542725,0.5942542552947998,0.5979266166687012,0.586176872253418,0.5975244045257568,0.5986554622650146,0.5977339744567871
0.6016175746917725,0.6122839450836182,0.5967895984649658,0.61212158203125,0.6100211143493652,0.611708402633667,0.5998296737670898,0.6113200187683105,0.6136224269866943,0.6119213104248047
0.6170740127563477,0.6274027824401855,0.6115076541900635,0.6262621879577637,0.62530517578125,0.6260786056518555,0.6159355640411377,0.627021312713623,0.6291635036468506,0.6272227764129639
0.6321663856506348,0.6281085014343262,0.6266837120056152,0.628443717956543,0.625464916229248,0.6284091472625732,0.6163158416748047,0.628563404083252,0.6293625831604004,0.6286852359771729
0.6324129104614258,0.6401925086975098,0.6267776489257812,0.6403775215148926,0.6400728225708008,0.6403377056121826,0.630990743637085,0.6404101848602295,0.64444899559021,0.6404769420623779
0.6488850116729736,0.6583187580108643,0.6415157318115234,0.6576399803161621,0.6558692455291748,0.6584568023681641,0.6473827362060547,0.6587967872619629,0.6597254276275635,0.6577751636505127
0.6493666172027588,0.6590020656585693,0.6572041511535645,0.6585941314697266,0.6559741497039795,0.6595354080200195,0.6476771831512451,0.6599974632263184,0.6598732471466064,0.6603929996490479
0.6637380123138428,0.6709864139556885,0.6573615074157715,0.6712050437927246,0.6706182956695557,0.6711728572845459,0.6633827686309814,0.671116828918457,0.6744589805603027,0.6711475849151611
0.6788780689239502,0.6882364749908447,0.6720807552337646,0.688413143157959,0.6869080066680908,0.6880533695220947,0.6786057949066162,0.6885855197906494,0.6902065277099609,0.6892223358154297
0.6790845394134521,0.6911871433258057,0.6878550052642822,0.6911242008209229,0.6870276927947998,0.6907014846801758,0.679126501083374,0.6909050941467285,0.6903533935546875,0.6911580562591553
0.6944506168365479,0.7025792598724365,0.6887214183807373,0.7026560306549072,0.7021622657775879,0.7026941776275635,0.6943237781524658,0.7025270462036133,0.7058112621307373,0.7026121616363525
0.7100775241851807,0.7029366493225098,0.7034573554992676,0.7028653621673584,0.7022092342376709,0.7029712200164795,0.7093319892883301,0.7031190395355225,0.7060713768005371,0.7030799388885498
0.7105531692504883,0.7187614440917969,0.7191877365112305,0.7189967632293701,0.718132734298706,0.7207841873168945,0.7096467018127441,0.7197022438049316,0.7214608192443848,0.7203302383422852
0.7252292633056641,0.7342357635498047,0.7193033695220947,0.7340283393859863,0.7332985401153564,0.7354395389556885,0.7246003150939941,0.7349145412445068,0.7371556758880615,0.7356255054473877
0.7412595748901367,0.7369616031646729,0.7346136569976807,0.7363777160644531,0.7333991527557373,0.7368309497833252,0.741034984588623,0.7374861240386963,0.7372856140136719,0.7366321086883545
0.7414982318878174,0.7497496604919434,0.7499330043792725,0.7513909339904785,0.7492246627807617,0.7511894702911377,0.7415773868560791,0.7510027885437012,0.7518265247344971,0.7516109943389893
0.7569842338562012,0.7657034397125244,0.750037431716919,0.7660446166992188,0.7651958465576172,0.7675216197967529,0.7570908069610596,0.7677507400512695,0.7669849395751953,0.768214225769043
0.7729442119598389,0.7689592838287354,0.7658863067626953,0.7699744701385498,0.7653160095214844,0.7697134017944336,0.7579703330993652,0.7702369689941406,0.7672340869903564,0.7702910900115967
0.7731654644012451,0.7802047729492188,0.7663133144378662,0.7805008888244629,0.7797105312347412,0.7812471389770508,0.771904706954956,0.7817082405090332,0.7825150489807129,0.7816164493560791
0.7888448238372803,0.7972719669342041,0.7813749313354492,0.7974650859832764,0.795813798904419,0.7970643043518066,0.787764310836792,0.7976555824279785,0.7980566024780273,0.7979273796081543
0.7892749309539795,0.7980091571807861,0.7978899478912354,0.7983064651489258,0.7959170341491699,0.7982535362243652,0.7882354259490967,0.7983608245849609,0.7981204986572266,0.7984914779663086
0.804194450378418,0.8124051094055176,0.7980890274047852,0.8122549057006836,0.8116075992584229,0.8133711814880371,0.8027653694152832,0.8137333393096924,0.813983678817749,0.8135409355163574
0.8193871974945068,0.8296465873718262,0.8125276565551758,0.8304502964019775,0.8276035785675049,0.8294355869293213,0.8182356357574463,0.8291637897491455,0.8300528526306152,0.8298382759094238
0.8197112083435059,0.8307747840881348,0.8277995586395264,0.8308777809143066,0.8279345035552979,0.8308136463165283,0.8188023567199707,0.8310015201568604,0.8302223682403564,0.8310644626617432
0.8351442813873291,0.8434786796569824,0.8280832767486572,0.8436658382415771,0.8429656028747559,0.8439133167266846,0.8338067531585693,0.8452038764953613,0.8450183868408203,0.8453972339630127
0.850933313369751,0.8459911346435547,0.8427009582519531,0.8458411693572998,0.8430678844451904,0.8456246852874756,0.8488833904266357,0.8463354110717773,0.8611204624176025,0.8461863994598389
0.8510196208953857,0.8592767715454102,0.8589706420898438,0.8595733642578125,0.8587431907653809,0.8602087497711182,0.8494691848754883,0.8613309860229492,0.8615090847015381,0.8608875274658203
0.8659834861755371,0.8771030902862549,0.8590953350067139,0.8753147125244141,0.8745319843292236,0.8755416870117188,0.8649661540985107,0.8763971328735352,0.8767766952514648,0.8765616416931152
0.8814582824707031,0.8783869743347168,0.874873161315918,0.8780703544616699,0.8746340274810791,0.8779540061950684,0.8806166648864746,0.8785161972045898,0.8769397735595703,0.8782296180725098
0.881605863571167,0.8901896476745605,0.8749709129333496,0.8903634548187256,0.8901357650756836,0.8905224800109863,0.8810515403747559,0.8904082775115967,0.8913333415985107,0.8905637264251709
0.8977792263031006,0.906665563583374,0.8900463581085205,0.9077961444854736,0.9061105251312256,0.9076039791107178,0.8953509330749512,0.9085142612457275,0.9068794250488281,0.9094140529632568
0.9136514663696289,0.9098730087280273,0.9053812026977539,0.9111166000366211,0.9063165187835693,0.9108998775482178,0.8955693244934082,0.911262035369873,0.9070203304290771,0.9117188453674316
0.9138658046722412,0.9232676029205322,0.9054772853851318,0.9234683513641357,0.9223015308380127,0.9230520725250244,0.9119086265563965,0.924931526184082,0.9221155643463135,0.9240527153015137
0.9285018444061279,0.925015926361084,0.920950174331665,0.925175666809082,0.9224059581756592,0.9253058433532715,0.927020788192749,0.925116777420044,0.9373703002929688,0.9254391193389893
0.9288113117218018,0.939542293548584,0.9362869262695312,0.9401054382324219,0.9381248950958252,0.9402470588684082,0.9276585578918457,0.9393527507781982,0.937769889831543,0.9397094249725342
0.9446694850921631,0.9546442031860352,0.936638355255127,0.955500602722168,0.9534907341003418,0.9552686214447021,0.9437382221221924,0.954901933670044,0.9537930488586426,0.9556751251220703
0.959639310836792,0.9562034606933594,0.9517159461975098,0.9569904804229736,0.953606367111206,0.9568138122558594,0.9597342014312744,0.9570982456207275,0.9690368175506592,0.9571337699890137
0.9597618579864502,0.9697251319885254,0.9667174816131592,0.969224214553833,0.9686224460601807,0.9704246520996094,0.9605975151062012,0.9707088470458984,0.9694857597351074,0.971327543258667
0.9762308597564697,0.984982967376709,0.9668149948120117,0.986701250076294,0.9842514991760254,0.9857730865478516,0.975275993347168,0.9865298271179199,0.9845542907714844,0.9863452911376953
0.9914689064025879,0.9872686862945557,0.9825775623321533,0.9879961013793945,0.9843540191650391,0.9884042739868164,0.9755358695983887,0.9882113933563232,0.9994158744812012,0.9888918399810791
0.9917762279510498,1.0010261535644531,0.9984972476959229,1.0013771057128906,0.9998910427093506,1.0021684169769287,0.9906520843505859,1.0007660388946533,0.9995255470275879,1.0019135475158691
1.0065381526947021,1.0167436599731445,0.9985864162445068,1.0165138244628906,1.0158138275146484,1.0170378684997559,1.005887746810913,1.0175466537475586,1.014997959136963,1.0177836418151855
1.0222303867340088,1.0188887119293213,1.0136327743530273,1.0192112922668457,1.0159928798675537,1.0203053951263428,1.0062315464019775,1.0198800563812256,1.0308949947357178,1.02016019821167
1.022526741027832,1.0317037105560303,1.0295403003692627,1.0326361656188965,1.031235694885254,1.0332763195037842,1.021205186843872,1.0328986644744873,1.031031847000122,1.0338926315307617
1.0381133556365967,1.047654151916504,1.0296518802642822,1.0492596626281738,1.0472230911254883,1.049030065536499,1.036853313446045,1.0486235618591309,1.0462489128112793,1.049961805343628
1.0385167598724365,1.0496439933776855,1.0458157062530518,1.0493760108947754,1.047323226928711,1.050964117050171,1.0376396179199219,1.0507824420928955,1.0463483333587646,1.0513579845428467
1.05379056930542,1.0644943714141846,1.045912504196167,1.0643064975738525,1.0631866455078125,1.0641193389892578,1.052844762802124,1.0646941661834717,1.0623078346252441,1.06571364402771
1.0696227550506592,1.0662899017333984,1.0615592002868652,1.066490888595581,1.0633344650268555,1.0672543048858643,1.0684196949005127,1.0668377876281738,1.077864646911621,1.0672826766967773
1.0698082447052002,1.0789415836334229,1.0764765739440918,1.0790436267852783,1.0788624286651611,1.0791552066802979,1.0686328411102295,1.0791184902191162,1.0778820514678955,1.0791864395141602
1.0850203037261963,1.0961270332336426,1.0767147541046143,1.0962328910827637,1.0951495170593262,1.0961809158325195,1.0833513736724854,1.0963246822357178,1.093219518661499,1.0966236591339111
1.1003086566925049,1.0969853401184082,1.092519760131836,1.0968983173370361,1.095249891281128,1.0969583988189697,1.098689079284668,1.0968587398529053,1.108522653579712,1.0969345569610596
1.1005144119262695,1.111194133758545,1.107480764389038,1.1114001274108887,1.1105473041534424,1.1115870475769043,1.0989177227020264,1.1121845245361328,1.108637809753418,1.111952781677246
1.115981101989746,1.127422571182251,1.1074976921081543,1.1272351741790771,1.1264846324920654,1.1276428699493408,1.1138920783996582,1.1280183792114258,1.125072717666626,1.1282093524932861
1.1314811706542969,1.129070520401001,1.1226511001586914,1.1294264793395996,1.1265828609466553,1.129826307296753,1.1305439472198486,1.1301770210266113,1.1408045291900635,1.1303222179412842
1.131805658340454,1.1430704593658447,1.13791823387146,1.1437466144561768,1.1425368785858154,1.1439142227172852,1.1309814453125,1.1451091766357422,1.1409435272216797,1.1449413299560547
1.1470558643341064,1.1454920768737793,1.1380205154418945,1.1452572345733643,1.1426310539245605,1.146066665649414,1.1457066535949707,1.1458992958068848,1.1567909717559814,1.1460168361663818
1.1631147861480713,1.1586461067199707,1.1534931659698486,1.1595940589904785,1.1578972339630127,1.1588351726531982,1.1458442211151123,1.1601054668426514,1.1568896770477295,1.1598701477050781
1.1632051467895508,1.1746690273284912,1.1694324016571045,1.1760859489440918,1.1740031242370605,1.1756222248077393,1.1613550186157227,1.1754353046417236,1.1722238063812256,1.175811529159546
1.178802728652954,1.1763358116149902,1.1695830821990967,1.1773598194122314,1.174100637435913,1.177506446838379,1.1778204441070557,1.1776447296142578,1.1884880065917969,1.1779298782348633
1.1789519786834717,1.1906259059906006,1.1853182315826416,1.1897084712982178,1.1890208721160889,1.1901841163635254,1.1780781745910645,1.1903505325317383,1.1885857582092285,1.191063404083252
1.1938016414642334,1.2062041759490967,1.1855394840240479,1.205592393875122,1.2051308155059814,1.2076044082641602,1.1936230659484863,1.207200288772583,1.2035973072052002,1.207982063293457
1.209381103515625,1.2077844142913818,1.202162265777588,1.207401990890503,1.2052292823791504,1.2083089351654053,1.2091560363769531,1.2081620693206787,1.2195417881011963,1.2086834907531738
1.2096233367919922,1.222090721130371,1.2178590297698975,1.2212779521942139,1.2205479145050049,1.2224810123443604,1.2098925113677979,1.2218742370605469,1.2196617126464844,1.22222900390625
1.225135326385498,1.2374234199523926,1.2179558277130127,1.2370853424072266,1.235766887664795,1.2378652095794678,1.2237300872802734,1.2372767925262451,1.234971284866333,1.2380456924438477
1.2405660152435303,1.2396371364593506,1.233062744140625,1.2390692234039307,1.2358641624450684,1.238903522491455,1.2402374744415283,1.239166498184204,1.2497389316558838,1.238670825958252
1.240583896636963,1.2519562244415283,1.247887134552002,1.2516438961029053,1.2508964538574219,1.2530417442321777,1.2406821250915527,1.2526483535766602,1.2503578662872314,1.2528753280639648
1.2558610439300537,1.2687160968780518,1.2481224536895752,1.2674951553344727,1.2662742137908936,1.268369436264038,1.2558860778808594,1.2673208713531494,1.2651851177215576,1.2689802646636963
1.2713110446929932,1.268951416015625,1.263456106185913,1.2682271003723145,1.2663726806640625,1.2684645652770996,1.2567648887634277,1.2680602073669434,1.2812695503234863,1.268998384475708
1.2715222835540771,1.2829771041870117,1.2786412239074707,1.2828001976013184,1.2818915843963623,1.2831547260284424,1.2713429927825928,1.2835474014282227,1.2814130783081055,1.2839958667755127
1.2871084213256836,1.2851316928863525,1.2787361145019531,1.2848985195159912,1.2819910049438477,1.285714864730835,1.2872204780578613,1.285566806793213,1.2972471714019775,1.2859210968017578
1.3033790588378906,1.2988739013671875,1.294213056564331,1.2990455627441406,1.2975850105285645,1.299252986907959,1.287841796875,1.2994112968444824,1.2973518371582031,1.299623727798462
1.3035225868225098,1.3158822059631348,1.309647560119629,1.3163058757781982,1.313549280166626,1.3148322105407715,1.3040919303894043,1.3160803318023682,1.3125321865081787,1.3152451515197754
1.3192176818847656,1.3165090084075928,1.3097429275512695,1.3166570663452148,1.3136470317840576,1.315688133239746,1.319493055343628,1.3168110847473145,1.3284730911254883,1.3170316219329834
1.3193764686584473,1.330751895904541,1.3250157833099365,1.3305513858795166,1.3291230201721191,1.3311002254486084,1.3200621604919434,1.3300397396087646,1.3285815715789795,1.3316330909729004
1.3348016738891602,1.3456916809082031,1.325110673904419,1.3460752964019775,1.3445563316345215,1.3458971977233887,1.335625171661377,1.3469882011413574,1.3437693119049072,1.3462083339691162
1.349609375,1.3476686477661133,1.3402984142303467,1.3471815586090088,1.3446619510650635,1.3467941284179688,1.3357791900634766,1.3478333950042725,1.3589301109313965,1.3484621047973633
1.3498725891113281,1.3621938228607178,1.3557863235473633,1.362043857574463,1.3602585792541504,1.3617911338806152,1.3503844738006592,1.3626055717468262,1.359027624130249,1.3632404804229736
1.365647315979004,1.3769021034240723,1.355884313583374,1.376739740371704,1.3762121200561523,1.377788782119751,1.3669764995574951,1.3781156539916992,1.3747446537017822,1.378438949584961
1.381002426147461,1.3802835941314697,1.3715589046478271,1.3797075748443604,1.376319169998169,1.3795018196105957,1.3674676418304443,1.3798651695251465,1.3909523487091064,1.3804948329925537
1.3810207843780518,1.3934993743896484,1.3865044116973877,1.3937115669250488,1.3920049667358398,1.3940260410308838,1.3831391334533691,1.3938586711883545,1.3910596370697021,1.3945627212524414
1.396261215209961,1.3957958221435547,1.386521816253662,1.3952791690826416,1.3922274112701416,1.3960566520690918,1.3985295295715332,1.3964073657989502,1.4061336517333984,1.396634578704834
1.4113037586212158,1.4093773365020752,1.4017462730407715,1.4096577167510986,1.4076120853424072,1.4087257385253906,1.399355173110962,1.4088964462280273,1.4062321186065674,1.409229040145874
1.4113938808441162,1.4239857196807861,1.4170053005218506,1.4245741367340088,1.423403263092041,1.4272446632385254,1.4141337871551514,1.4262232780456543,1.421114444732666,1.4264159202575684
1.426591157913208,1.4260673522949219,1.4171059131622314,1.4270472526550293,1.4235103130340576,1.4276046752929688,1.429473876953125,1.4277594089508057,1.4364964962005615,1.427461862564087
1.4421546459197998,1.4393503665924072,1.4326989650726318,1.4396684169769287,1.438723087310791,1.4408950805664062,1.4299848079681396,1.4406592845916748,1.4365925788879395,1.44044828414917
1.4423730373382568,1.455686092376709,1.4483201503753662,1.4552795886993408,1.4543468952178955,1.455841064453125,1.444805383682251,1.4559879302978516,1.451608657836914,1.4562406539916992
1.4579646587371826,1.457592487335205,1.4484188556671143,1.4572012424468994,1.4544677734375,1.4585988521575928,1.461179256439209,1.4577720165252686,1.4676899909973145,1.4581973552703857
1.4583964347839355,1.4705607891082764,1.4636671543121338,1.4710414409637451,1.4701249599456787,1.4715595245361328,1.4621186256408691,1.4717731475830078,1.46779203414917,1.471959114074707
1.4729599952697754,1.486924648284912,1.4792273044586182,1.4874799251556396,1.486177682876587,1.4879224300384521,1.4767751693725586,1.4877216815948486,1.4820427894592285,1.4881784915924072
1.4897575378417969,1.4893343448638916,1.4793286323547363,1.4889240264892578,1.4862771034240723,1.489542007446289,1.4778404235839844,1.4899678230285645,1.4980692863464355,1.4891152381896973
1.4901292324066162,1.50250244140625,1.4949333667755127,1.502880573272705,1.5018551349639893,1.5031845569610596,1.4919190406799316,1.503833293914795,1.4981639385223389,1.5040969848632812
1.5045950412750244,1.5197856426239014,1.4950871467590332,1.5206689834594727,1.5177040100097656,1.521254062652588,1.5084929466247559,1.5195798873901367,1.512862205505371,1.5199503898620605
1.5211358070373535,1.5204200744628906,1.5106024742126465,1.5213017463684082,1.5181045532226562,1.521324872970581,1.508824348449707,1.5201737880706787,1.5288386344909668,1.5208821296691895
1.5213475227355957,1.5350425243377686,1.5251660346984863,1.5346765518188477,1.5336048603057861,1.5344080924987793,1.5234434604644775,1.5349528789520264,1.5290203094482422,1.5348994731903076
1.5360393524169922,1.5353834629058838,1.5253007411956787,1.535325050354004,1.5337016582489014,1.535421371459961,1.5393767356872559,1.535285234451294,1.5447092056274414,1.535356044769287
1.5516078472137451,1.5499577522277832,1.541400671005249,1.550309181213379,1.5493407249450684,1.5510554313659668,1.5398759841918945,1.5505092144012451,1.5593736171722412,1.5506541728973389
1.5517714023590088,1.5644524097442627,1.5569827556610107,1.564408779144287,1.564199686050415,1.5646898746490479,1.55513334274292,1.564631700515747,1.5596082210540771,1.5648865699768066
1.5666074752807617,1.5649278163909912,1.55715012550354,1.5650010108947754,1.5644969940185547,1.5650570392608643,1.570784330368042,1.5649638175964355,1.5748143196105957,1.5650300979614258
1.5821070671081543,1.5815942287445068,1.5723984241485596,1.582658290863037,1.5810582637786865,1.5833849906921387,1.5715703964233398,1.5824568271636963,1.5905303955078125,1.582838773727417
1.5822291374206543,1.5983519554138184,1.5886213779449463,1.598128080368042,1.5969130992889404,1.598653793334961,1.5863826274871826,1.5988712310791016,1.5906281471252441,1.5996370315551758
1.5972695350646973,1.6001625061035156,1.5887162685394287,1.6008625030517578,1.5970263481140137,1.6010653972625732,1.5872993469238281,1.6011860370635986,1.6055822372436523,1.6010308265686035
1.6133432388305664,1.6136846542358398,1.604292392730713,1.615009069442749,1.6126906871795654,1.6166861057281494,1.6017906665802002,1.6164963245391846,1.6058130264282227,1.6170926094055176
1.6134681701660156,1.619629144668579,1.6045372486114502,1.6189537048339844,1.6127870082855225,1.619443655014038,1.6173028945922852,1.6200144290924072,1.6207237243652344,1.6202301979064941
1.6288087368011475,1.629424810409546,1.620499610900879,1.6289279460906982,1.6283087730407715,1.6297826766967773,1.6177728176116943,1.6301655769348145,1.636479139328003,1.6300182342529297
1.6291208267211914,1.6452152729034424,1.6348562240600586,1.6466398239135742,1.644627571105957,1.6457240581512451,1.6325995922088623,1.6461753845214844,1.6366498470306396,1.646392583847046
1.6444385051727295,1.6470723152160645,1.6350340843200684,1.6467688083648682,1.6447303295135498,1.647611379623413,1.6484603881835938,1.6477947235107422,1.6520071029663086,1.6479532718658447
1.6604762077331543,1.6616406440734863,1.6501235961914062,1.661435604095459,1.6606597900390625,1.6617755889892578,1.6490721702575684,1.6623303890228271,1.6680057048797607,1.6627998352050781
1.6609218120574951,1.6772234439849854,1.6658682823181152,1.6770706176757812,1.6761155128479004,1.6769161224365234,1.6638295650482178,1.677412986755371,1.6681482791900635,1.6775708198547363
1.6757357120513916,1.678187608718872,1.6659739017486572,1.6779825687408447,1.6763696670532227,1.6780753135681152,1.679506778717041,1.6785385608673096,1.6829397678375244,1.6784617900848389
1.6907756328582764,1.6914358139038086,1.6813437938690186,1.6916091442108154,1.6910927295684814,1.69150972366333,1.680511474609375,1.691469669342041,1.6987903118133545,1.691544532775879
1.6908884048461914,1.7088284492492676,1.696716547012329,1.7085886001586914,1.7072968482971191,1.708178997039795,1.6939313411712646,1.7084274291992188,1.6988067626953125,1.7105422019958496
1.7060322761535645,1.7111713886260986,1.6968276500701904,1.7094926834106445,1.7074241638183594,1.710770606994629,1.70973539352417,1.7109568119049072,1.7146596908569336,1.7110929489135742
1.7219822406768799,1.723984718322754,1.7118330001831055,1.7237601280212402,1.7233219146728516,1.7246804237365723,1.7099080085754395,1.7260856628417969,1.7297241687774658,1.7262344360351562
1.7220911979675293,1.7270185947418213,1.727773666381836,1.727189064025879,1.7234199047088623,1.7270584106445312,1.725144863128662,1.727252721786499,1.729811191558838,1.727224349975586
1.7377581596374512,1.7422683238983154,1.7279486656188965,1.7409687042236328,1.7394814491271973,1.741727590560913,1.7411689758300781,1.7424092292785645,1.7451190948486328,1.7414872646331787
1.7532868385314941,1.7558794021606445,1.7434191703796387,1.7569844722747803,1.754948616027832,1.7563941478729248,1.7413227558135986,1.7565879821777344,1.760462760925293,1.7571418285369873
1.7533965110778809,1.7578065395355225,1.7595798969268799,1.7587907314300537,1.7550921440124512,1.7583322525024414,1.756164312362671,1.7584688663482666,1.7606770992279053,1.7586376667022705
1.767845869064331,1.7698936462402344,1.7596955299377441,1.7698159217834473,1.7695026397705078,1.7699458599090576,1.7568132877349854,1.7698695659637451,1.7756052017211914,1.7699875831604004
1.7681035995483398,1.7867271900177002,1.7742371559143066,1.786942958831787,1.7850615978240967,1.7875089645385742,1.771557331085205,1.7873036861419678,1.7757420539855957,1.7888011932373047
1.783372402191162,1.7897605895996094,1.790555477142334,1.7892873287200928,1.785158395767212,1.7889869213104248,1.7870991230010986,1.7901983261108398,1.79124116897583,1.7903974056243896
1.7992885112762451,1.802086591720581,1.790653944015503,1.801870346069336,1.8003628253936768,1.8014740943908691,1.7876567840576172,1.8022229671478271,1.8061482906341553,1.8025450706481934
1.799534797668457,1.8179287910461426,1.8056182861328125,1.8175244331359863,1.8161895275115967,1.817725419998169,1.8025128841400146,1.8199372291564941,1.8062725067138672,1.8183984756469727
1.815833330154419,1.8188695907592773,1.8057913780212402,1.8197429180145264,1.8163154125213623,1.8204982280731201,1.8181378841400146,1.820307731628418,1.8222737312316895,1.8208286762237549
1.8309345245361328,1.831583023071289,1.8211400508880615,1.8318946361541748,1.831413745880127,1.8320939540863037,1.8185820579528809,1.8316750526428223,1.8384649753570557,1.8322319984436035
1.8311467170715332,1.849646806716919,1.8370130062103271,1.849815845489502,1.8481130599975586,1.8505229949951172,1.8333220481872559,1.8494741916656494,1.8386566638946533,1.8500008583068848
1.8466472625732422,1.8511936664581299,1.8375227451324463,1.8519198894500732,1.8482232093811035,1.8521220684051514,1.8503239154815674,1.8532044887542725,1.8538355827331543,1.8529856204986572
1.8614740371704102,1.8645873069763184,1.8524832725524902,1.8643457889556885,1.863419532775879,1.865976333618164,1.8509137630462646,1.8653132915496826,1.869513750076294,1.8655033111572266
1.861572027206421,1.8661577701568604,1.8680620193481445,1.8662242889404297,1.863518476486206,1.8666729927062988,1.8662891387939453,1.8667383193969727,1.8697750568389893,1.866701602935791
1.8770413398742676,1.879826545715332,1.8682751655578613,1.8796467781066895,1.8789494037628174,1.8799405097961426,1.866945743560791,1.880469799041748,1.8848252296447754,1.880664348602295
1.8925909996032715,1.895796537399292,1.8833565711975098,1.8960094451904297,1.8951401710510254,1.8965563774108887,1.8819308280944824,1.8963806629180908,1.9007809162139893,1.8966717720031738
1.892690658569336,1.8984241485595703,1.8994810581207275,1.8979182243347168,1.8952362537384033,1.898118495941162,1.8977296352386475,1.8988094329833984,1.9009764194488525,1.899174451828003
1.9073948860168457,1.9113140106201172,1.8996033668518066,1.9108188152313232,1.9101743698120117,1.9117355346679688,1.898594617843628,1.911527395248413,1.9172234535217285,1.9122161865234375
1.9233899116516113,1.9268229007720947,1.9149632453918457,1.926670789718628,1.9255013465881348,1.9278218746185303,1.9129016399383545,1.9275028705596924,1.917318344116211,1.9290907382965088
1.9234888553619385,1.9308404922485352,1.9151709079742432,1.9288461208343506,1.9256112575531006,1.9294328689575195,1.9292311668395996,1.930053472518921,1.9329109191894531,1.9298555850982666
1.9386522769927979,1.9423191547393799,1.930234670639038,1.942143201828003,1.940978765487671,1.9425418376922607,1.929642915725708,1.9428021907806396,1.9494118690490723,1.942920207977295
1.9387476444244385,1.9580457210540771,1.9463012218475342,1.9577727317810059,1.956777811050415,1.958472728729248,1.944516897201538,1.9582548141479492,1.949509859085083,1.9589838981628418
1.9542653560638428,1.9594933986663818,1.9463996887207031,1.959883213043213,1.956885814666748,1.9601433277130127,1.9604907035827637,1.9601104259490967,1.9646713733673096,1.9604065418243408
1.9701006412506104,1.9722628593444824,1.9619207382202148,1.9722964763641357,1.9719915390014648,1.9723920822143555,1.960524559020996,1.9723546504974365,1.9801371097564697,1.972618579864502
1.9703669548034668,1.97257399559021,1.9781363010406494,1.972752332687378,1.972219467163086,1.9726438522338867,1.9743008613586426,1.9728105068206787,1.9804348945617676,1.9727799892425537
1.985163688659668,1.9902472496032715,1.9782843589782715,1.988929271697998,1.9881837368011475,1.9902939796447754,1.9903285503387451,1.990204095840454,1.9956927299499512,1.990036964416504
2.001267194747925,2.007168769836426,1.9938950538635254,2.0067334175109863,2.0045604705810547,2.0059962272644043,1.9908933639526367,2.006213426589966,1.995746374130249,2.006396532058716
2.001469850540161,2.0083727836608887,2.0087521076202393,2.0082716941833496,2.004657506942749,2.008312225341797,2.006591558456421,2.0085039138793945,2.0108275413513184,2.008476734161377
2.016655921936035,2.019481897354126,2.008918046951294,2.0195508003234863,2.0194075107574463,2.019723415374756,2.0069329738616943,2.0196878910064697,2.0261199474334717,2.019754409790039
2.0323779582977295,2.0361742973327637,2.0246875286102295,2.0367045402526855,2.035557985305786,2.036515235900879,2.0216164588928223,2.037081003189087,2.026371955871582,2.036904811859131
2.0324769020080566,2.03891658782959,2.024862289428711,2.0387625694274902,2.035656213760376,2.0390756130218506,2.0373804569244385,2.0391786098480225,2.0417094230651855,2.039299726486206
2.047919988632202,2.0509684085845947,2.0396125316619873,2.0508205890655518,2.0505177974700928,2.050996780395508,2.0381641387939453,2.050936698913574,2.0575571060180664,2.0508768558502197
2.0483758449554443,2.066617012023926,2.056159496307373,2.067500591278076,2.065972089767456,2.0672614574432373,2.053136110305786,2.0680885314941406,2.057811737060547,2.067711591720581
2.063364028930664,2.0702028274536133,2.056492805480957,2.0691466331481934,2.0659751892089844,2.069338321685791,2.0695292949676514,2.0700695514678955,2.072716236114502,2.0701756477355957
2.0795185565948486,2.0815513134002686,2.0708231925964355,2.081484794616699,2.0811517238616943,2.081608772277832,2.0698187351226807,2.0814332962036133,2.087679147720337,2.0815205574035645
2.0797910690307617,2.097548007965088,2.086139440536499,2.0983262062072754,2.0971548557281494,2.098606824874878,2.083414316177368,2.1016974449157715,2.087850570678711,2.1002087593078613
2.0942893028259277,2.1015894412994385,2.0862886905670166,2.101803779602051,2.0971579551696777,2.101555109024048,2.0998575687408447,2.1017096042633057,2.1027252674102783,2.101780414581299
2.1097023487091064,2.113145351409912,2.102091073989868,2.1136207580566406,2.112396001815796,2.1139001846313477,2.1003828048706055,2.1143910884857178,2.1188251972198486,2.114694595336914
2.109705924987793,2.1161234378814697,2.1176986694335938,2.1157400608062744,2.112532377243042,2.1164913177490234,2.115259885787964,2.11738920211792,2.118911027908325,2.117199420928955
2.1254496574401855,2.1288955211639404,2.1177845001220703,2.1296019554138184,2.1280758380889893,2.130249500274658,2.115957021713257,2.1294610500335693,2.134106159210205,2.1292617321014404
2.140760898590088,2.144721508026123,2.1339268684387207,2.14553165435791,2.143825054168701,2.1466760635375977,2.131114959716797,2.1458778381347656,2.1494741439819336,2.146408796310425
2.1408591270446777,2.145719051361084,2.1498634815216064,2.1462109088897705,2.143923759460449,2.146820068359375,2.1486594676971436,2.147404193878174,2.149610996246338,2.14725661277771
2.1559293270111084,2.1590816974639893,2.149885654449463,2.1595189571380615,2.1586105823516846,2.160539388656616,2.148751974105835,2.1607167720794678,2.1661102771759033,2.1603341102600098
2.171053171157837,2.175177812576294,2.165311813354492,2.175631284713745,2.1743242740631104,2.175421953201294,2.162672996520996,2.175995349884033,2.166254758834839,2.1758041381835938
2.171152353286743,2.177137613296509,2.1654052734375,2.176957607269287,2.17441987991333,2.1773037910461426,2.1781563758850098,2.1776857376098633,2.181790351867676,2.1779792308807373
2.185849666595459,2.1911633014678955,2.180284261703491,2.191723346710205,2.1904220581054688,2.1926000118255615,2.1786305904388428,2.192298173904419,2.1978676319122314,2.192775249481201
2.2021803855895996,2.2066879272460938,2.1954421997070312,2.2071878910064697,2.206080198287964,2.207420825958252,2.1934890747070312,2.2081902027130127,2.197964906692505,2.2084567546844482
2.2022793292999268,2.209787607192993,2.195655107498169,2.2096331119537354,2.2062320709228516,2.2091240882873535,2.209331750869751,2.20943546295166,2.2132041454315186,2.208970785140991
2.218172788619995,2.222932815551758,2.211176633834839,2.222717761993408,2.2220020294189453,2.22329044342041,2.2099978923797607,2.223503589630127,2.228503465652466,2.2237045764923096
2.2183477878570557,2.2388081550598145,2.2274229526519775,2.2381927967071533,2.2372851371765137,2.2383928298950195,2.224588394165039,2.2386209964752197,2.2287120819091797,2.2397444248199463
2.2334697246551514,2.2404797077178955,2.2275443077087402,2.240292549133301,2.2374346256256104,2.2419991493225098,2.240708351135254,2.2422258853912354,2.2446234226226807,2.2422754764556885
2.248319149017334,2.2521772384643555,2.243344306945801,2.252281904220581,2.2520017623901367,2.252696990966797,2.2410783767700195,2.2523999214172363,2.2596068382263184,2.252467632293701
2.2485055923461914,2.2526679039001465,2.2594289779663086,2.2527365684509277,2.2522459030151367,2.2528438568115234,2.255124807357788,2.25277042388916,2.2598845958709717,2.252809524536133
2.2635324001312256,2.2695281505584717,2.2596311569213867,2.269188165664673,2.2683005332946777,2.2701706886291504,2.2554256916046143,2.2709343433380127,2.276219367980957,2.271169424057007
2.2801549434661865,2.28503680229187,2.275956153869629,2.2854208946228027,2.2840592861175537,2.2859833240509033,2.270369529724121,2.2848172187805176,2.2765514850616455,2.2862143516540527
2.2802748680114746,2.2877540588378906,2.276419162750244,2.2875349521636963,2.2841694355010986,2.288936138153076,2.2864882946014404,2.288292407989502,2.2917959690093994,2.2885429859161377
2.295241594314575,2.3005452156066895,2.2900302410125732,2.301586151123047,2.2999956607818604,2.3013627529144287,2.2866594791412354,2.3020708560943604,2.3073930740356445,2.3022444248199463
2.310398817062378,2.3161399364471436,2.3062167167663574,2.3158884048461914,2.315176010131836,2.316545009613037,2.3017988204956055,2.3190507888793945,2.3074917793273926,2.3177759647369385
2.3104982376098633,2.318495035171509,2.306314468383789,2.318897008895874,2.3152730464935303,2.319214105606079,2.3167738914489746,2.3196074962615967,2.3232405185699463,2.3197579383850098
2.3254709243774414,2.330808162689209,2.321042060852051,2.331543445587158,2.3303608894348145,2.3320000171661377,2.316938638687134,2.332787275314331,2.33954119682312,2.3325891494750977
2.341287136077881,2.3466150760650635,2.3375792503356934,2.3470866680145264,2.346163511276245,2.3473093509674072,2.332393169403076,2.347724199295044,2.339639186859131,2.3485302925109863
2.3417296409606934,2.349705934524536,2.337674617767334,2.3500146865844727,2.346257209777832,2.3495781421661377,2.3474855422973633,2.350151538848877,2.354567766189575,2.350205183029175
2.3560736179351807,2.3637726306915283,2.3523993492126465,2.3636231422424316,2.3616034984588623,2.3630082607269287,2.348113775253296,2.363229990005493,2.370840549468994,2.3639400005340576
2.3715364933013916,2.3774642944335938,2.368570566177368,2.3777146339416504,2.3765175342559814,2.3779094219207764,2.363415241241455,2.3786613941192627,2.370943069458008,2.37845778465271
2.3716328144073486,2.3796160221099854,2.368865728378296,2.381258010864258,2.3766162395477295,2.3808188438415527,2.3788280487060547,2.3800699710845947,2.386038303375244,2.3794426918029785
2.3874101638793945,2.3940787315368652,2.3833487033843994,2.393479347229004,2.392413854598999,2.3947463035583496,2.3792483806610107,2.393653392791748,2.3861565589904785,2.3953449726104736
2.4029147624969482,2.3945472240448,2.3987350463867188,2.395003318786621,2.392509937286377,2.3961398601531982,2.3938701152801514,2.3958144187927246,2.401219129562378,2.3965187072753906
2.4030089378356934,2.409212112426758,2.3989243507385254,2.4103775024414062,2.408569812774658,2.4104979038238525,2.4099185466766357,2.4101874828338623,2.4159297943115234,2.4108340740203857
2.4187850952148438,2.424264907836914,2.414155960083008,2.425191640853882,2.4236648082733154,2.4254140853881836,2.4109790325164795,2.4262571334838867,2.4161152839660645,2.4257237911224365
2.4188032150268555,2.426854372024536,2.429900884628296,2.4288442134857178,2.423760414123535,2.4278573989868164,2.4249801635742188,2.4280166625976562,2.431211471557617,2.428642511367798
2.434328317642212,2.4390461444854736,2.430081844329834,2.4392378330230713,2.4384939670562744,2.4407544136047363,2.4405505657196045,2.4401443004608154,2.447875738143921,2.440349817276001
2.449532985687256,2.4551010131835938,2.445277214050293,2.455491542816162,2.454435348510742,2.45597767829895,2.4411656856536865,2.4563403129577637,2.4479751586914062,2.456510066986084
2.4496309757232666,2.458189010620117,2.4453911781311035,2.4583816528320312,2.4545300006866455,2.4589524269104004,2.4562017917633057,2.4590158462524414,2.4627058506011963,2.458831310272217
2.4650466442108154,2.4709887504577637,2.46105694770813,2.4707820415496826,2.4699747562408447,2.4712021350860596,2.4566919803619385,2.4719226360321045,2.4789185523986816,2.4717652797698975
2.4804582595825195,2.486893653869629,2.4775354862213135,2.4862563610076904,2.485234022140503,2.4878931045532227,2.4714879989624023,2.4888341426849365,2.4790234565734863,2.4883525371551514
2.480590581893921,2.4880900382995605,2.477675199508667,2.487729072570801,2.48533034324646,2.488476276397705,2.4856040477752686,2.4888553619384766,2.4950687885284424,2.488651752471924
2.495698928833008,2.5020651817321777,2.4932351112365723,2.501697301864624,2.501068115234375,2.5033042430877686,2.4857258796691895,2.5027713775634766,2.5109009742736816,2.5030858516693115
2.511047601699829,2.5183160305023193,2.5084853172302246,2.5181047916412354,2.516659736633301,2.519082546234131,2.5007236003875732,2.5187275409698486,2.5109825134277344,2.518935203552246
2.511312961578369,2.5188846588134766,2.50866436958313,2.5190374851226807,2.5173041820526123,2.5191166400909424,2.5168628692626953,2.518968343734741,2.525649070739746,2.519001007080078
2.5266716480255127,2.5317885875701904,2.5240023136138916,2.5318188667297363,2.531383514404297,2.5316169261932373,2.516989231109619,2.5317013263702393,2.525895357131958,2.5317516326904297
2.542860984802246,2.5488758087158203,2.5394997596740723,2.5482003688812256,2.5475597381591797,2.5510621070861816,2.532191514968872,2.549069404602051,2.5410208702087402,2.5493764877319336
2.5428781509399414,2.5509514808654785,2.539674997329712,2.551034927368164,2.547682762145996,2.5511491298675537,2.548668146133423,2.551128625869751,2.5569570064544678,2.550999641418457
2.557840585708618,2.565997362136841,2.554595470428467,2.565106153488159,2.563425064086914,2.5645229816436768,2.5492477416992188,2.5648388862609863,2.55717134475708,2.565791606903076
2.5578582286834717,2.566844940185547,2.554871082305908,2.56614351272583,2.5635273456573486,2.5655899047851562,2.5637588500976562,2.5666611194610596,2.5725936889648438,2.566977024078369
2.5739266872406006,2.580204486846924,2.5700104236602783,2.581359624862671,2.579352855682373,2.580590009689331,2.5795345306396484,2.5817761421203613,2.588677406311035,2.5815258026123047
2.5903267860412598,2.5960559844970703,2.5854945182800293,2.596853494644165,2.595144033432007,2.5962443351745605,2.579664468765259,2.5964713096618652,2.5887763500213623,2.598090171813965
2.590424060821533,2.598860263824463,2.5856292247772217,2.5978877544403076,2.5953097343444824,2.5985007286071777,2.594224214553833,2.5983052253723145,2.603672981262207,2.5986783504486084
2.605036735534668,2.6112537384033203,2.600987195968628,2.6113691329956055,2.610719680786133,2.611703395843506,2.6099295616149902,2.612287998199463,2.6196281909942627,2.612713575363159
2.620682716369629,2.6381444931030273,2.616546392440796,2.6347384452819824,2.626051187515259,2.6356663703918457,2.6104841232299805,2.637685537338257,2.619725227355957,2.6386475563049316
2.6207990646362305,2.6387667655944824,2.616642475128174,2.6382529735565186,2.626145601272583,2.638000249862671,2.6250877380371094,2.63838267326355,2.635436773300171,2.638847827911377
2.6358325481414795,2.6425395011901855,2.632577657699585,2.6430680751800537,2.6420114040374756,2.6429390907287598,2.640932559967041,2.6433022022247314,2.635512351989746,2.6431634426116943
2.6509623527526855,2.6433427333831787,2.6481473445892334,2.6434967517852783,2.6421918869018555,2.6433956623077393,2.641099691390991,2.6434640884399414,2.6504781246185303,2.6435210704803467
2.651165246963501,2.659255027770996,2.648364305496216,2.6587603092193604,2.658090353012085,2.6589395999908447,2.656585931777954,2.6595351696014404,2.665478467941284,2.6597208976745605
2.6668519973754883,2.674800157546997,2.6642074584960938,2.6757752895355225,2.6740031242370605,2.6752309799194336,2.656703233718872,2.67541241645813,2.6657536029815674,2.675626039505005
2.6828956604003906,2.6763556003570557,2.679374933242798,2.676283121109009,2.6741015911102295,2.6764495372772217,2.6723697185516357,2.6766204833984375,2.680955410003662,2.676593065261841
2.683128595352173,2.6893420219421387,2.6795151233673096,2.689730167388916,2.6890289783477783,2.689385175704956,2.687906265258789,2.689589738845825,2.697054862976074,2.6896955966949463
2.6985814571380615,2.7053017616271973,2.695070266723633,2.7074203491210938,2.70469069480896,2.7061240673065186,2.688204765319824,2.706692695617676,2.6971511840820312,2.706897735595703
2.6986751556396484,2.7081382274627686,2.6954236030578613,2.7089250087738037,2.704786539077759,2.7079081535339355,2.703465700149536,2.7083680629730225,2.712419271469116,2.7086644172668457
2.713789224624634,2.7202775478363037,2.710993528366089,2.720484495162964,2.7194268703460693,2.719974994659424,2.718947649002075,2.720871925354004,2.727213144302368,2.720946788787842
2.730339765548706,2.7356226444244385,2.725999355316162,2.736302375793457,2.7349085807800293,2.736499309539795,2.719097375869751,2.7389259338378906,2.7273623943328857,2.7382991313934326
2.7304837703704834,2.739222288131714,2.7261712551116943,2.7384886741638184,2.735032081604004,2.7386786937713623,2.734675645828247,2.7391576766967773,2.7423782348632812,2.7391910552978516
2.745159864425659,2.751359462738037,2.7411794662475586,2.7511775493621826,2.7501437664031982,2.7515499591827393,2.750905752182007,2.752655506134033,2.757880687713623,2.752831220626831
2.7606379985809326,2.767148494720459,2.75726056098938,2.7666046619415283,2.765918731689453,2.768559694290161,2.7510087490081787,2.768388509750366,2.7581822872161865,2.769693613052368
2.7611591815948486,2.7690987586975098,2.757356643676758,2.769498825073242,2.766019821166992,2.770601511001587,2.7667670249938965,2.7704291343688965,2.773297071456909,2.7702176570892334
2.7767493724823,2.7830474376678467,2.7721962928771973,2.7832083702087402,2.781874179840088,2.782809019088745,2.7669107913970947,2.784005641937256,2.789161205291748,2.7838613986968994
2.792220115661621,2.7982752323150635,2.7887303829193115,2.798675775527954,2.797670364379883,2.7996132373809814,2.782531261444092,2.7999727725982666,2.7893099784851074,2.8001842498779297
2.792365550994873,2.8006703853607178,2.788848876953125,2.8013086318969727,2.797765016555786,2.8021347522735596,2.7988786697387695,2.802186965942383,2.8037424087524414,2.8022499084472656
2.807734966278076,2.8153820037841797,2.804063320159912,2.815220594406128,2.813822031021118,2.815723180770874,2.7990336418151855,2.8160769939422607,2.8201401233673096,2.816408634185791
2.807910680770874,2.817434072494507,2.820206642150879,2.817721128463745,2.8139195442199707,2.8172521591186523,2.8144304752349854,2.817896604537964,2.820162296295166,2.8178653717041016
2.8227829933166504,2.8292572498321533,2.8204705715179443,2.8296988010406494,2.829124927520752,2.8296568393707275,2.830150842666626,2.8297290802001953,2.836327075958252,2.8298850059509277
2.8379390239715576,2.8448283672332764,2.8357725143432617,2.8447933197021484,2.8444583415985107,2.8450655937194824,2.8306968212127686,2.845334529876709,2.8366024494171143,2.845034599304199
2.8382108211517334,2.8456077575683594,2.835927963256836,2.8457822799682617,2.8446686267852783,2.8455662727355957,2.8451292514801025,2.8458051681518555,2.851203680038452,2.84584903717041
2.8531017303466797,2.8610994815826416,2.851121664047241,2.861128807067871,2.8606936931610107,2.861208438873291,2.8453609943389893,2.8612756729125977,2.8667497634887695,2.8615691661834717
2.868363618850708,2.8780055046081543,2.8664042949676514,2.8775200843811035,2.8769967555999756,2.87899112701416,2.86040997505188,2.8793087005615234,2.866767644882202,2.878821849822998
2.868614912033081,2.8795294761657715,2.8666698932647705,2.8797810077667236,2.8770956993103027,2.879957914352417,2.876148223876953,2.880676031112671,2.8820791244506836,2.880568504333496
2.884150743484497,2.893585681915283,2.881779432296753,2.8937857151031494,2.8925065994262695,2.8941285610198975,2.8763487339019775,2.894244432449341,2.897796154022217,2.893958806991577
2.9003360271453857,2.894869565963745,2.8968236446380615,2.8953757286071777,2.892604112625122,2.8953073024749756,2.891984462738037,2.895345449447632,2.8980958461761475,2.895428419113159
2.90053653717041,2.9075608253479004,2.8969807624816895,2.9074602127075195,2.90727162361145,2.9075253009796143,2.9076623916625977,2.90762996673584,2.9142847061157227,2.907585382461548
2.9167449474334717,2.925215005874634,2.9122605323791504,2.9247875213623047,2.9237732887268066,2.9257102012634277,2.9082224369049072,2.9264795780181885,2.9292891025543213,2.925492286682129
2.93281888961792,2.9267578125,2.927523374557495,2.9270451068878174,2.923870801925659,2.9284253120422363,2.923628330230713,2.9279937744140625,2.929783821105957,2.928220510482788
2.932835817337036,2.941270351409912,2.9276673793792725,2.9409983158111572,2.939520835876465,2.9407920837402344,2.9390101432800293,2.9405853748321533,2.9448325634002686,2.9419124126434326
2.9483423233032227,2.956674337387085,2.9426496028900146,2.9565000534057617,2.955672025680542,2.9576330184936523,2.939183473587036,2.9570112228393555,2.9609475135803223,2.957847833633423
2.948439836502075,2.9587042331695557,2.958284854888916,2.958909034729004,2.9558160305023193,2.959083318710327,2.9548726081848145,2.9592885971069336,2.9612104892730713,2.958505868911743
2.9629554748535156,2.972238779067993,2.9594268798828125,2.972715377807617,2.971402645111084,2.9740262031555176,2.970881700515747,2.9737131595611572,2.976015567779541,2.9743595123291016
2.9784464836120605,2.987410545349121,2.973567485809326,2.987602472305298,2.9866368770599365,2.9882657527923584,2.9709784984588623,2.989485502243042,2.9762158393859863,2.9896609783172607
2.978656530380249,2.990586519241333,2.9886083602905273,2.991089105606079,2.986788034439087,2.9911229610443115,2.9860665798187256,2.991150379180908,2.991772413253784,2.991044759750366
2.9940900802612305,3.0038609504699707,2.988950252532959,3.0034825801849365,3.002406120300293,3.0041990280151367,2.986422538757324,3.004162311553955,3.006844997406006,3.0039572715759277
3.00927472114563,3.004274368286133,3.0040900707244873,3.0042383670806885,3.002554416656494,3.0043141841888428,3.0029258728027344,3.0043866634368896,3.007016897201538,3.0044069290161133
3.0094666481018066,3.01906156539917,3.0204455852508545,3.019412040710449,3.0183584690093994,3.0200154781341553,3.016495704650879,3.019577741622925,3.0221521854400635,3.019801616668701
3.0246987342834473,3.0361151695251465,3.020479202270508,3.0358684062957764,3.034515857696533,3.035680055618286,3.0166449546813965,3.0363500118255615,3.0376391410827637,3.036592960357666
3.04000186920166,3.0382556915283203,3.0367939472198486,3.038055896759033,3.034613609313965,3.038468360900879,3.0324666500091553,3.039099931716919,3.0377302169799805,3.0391862392425537
3.0402328968048096,3.0510566234588623,3.036949396133423,3.0508618354797363,3.0503108501434326,3.051276445388794,3.0475828647613525,3.0515713691711426,3.0536646842956543,3.051745891571045
3.056168794631958,3.066159725189209,3.05251407623291,3.0668418407440186,3.065115213394165,3.065955638885498,3.0476818084716797,3.066336154937744,3.0691704750061035,3.0668718814849854
3.0717859268188477,3.067300796508789,3.068347930908203,3.067247152328491,3.0652143955230713,3.0671722888946533,3.063098669052124,3.067213773727417,3.06941556930542,3.067138195037842
3.0719239711761475,3.082488775253296,3.0686371326446533,3.0826759338378906,3.0811078548431396,3.0828564167022705,3.0782740116119385,3.082265853881836,3.084724187850952,3.0831973552703857
3.086939573287964,3.096743583679199,3.084301710128784,3.096656322479248,3.0962069034576416,3.0968856811523438,3.0785489082336426,3.0970184803009033,3.0998146533966064,3.096845865249634
3.1019246578216553,3.097485065460205,3.099304676055908,3.0972301959991455,3.096428632736206,3.0973472595214844,3.0943353176116943,3.0974233150482178,3.0999674797058105,3.0974559783935547
3.1022019386291504,3.1124660968780518,3.0997042655944824,3.1124327182769775,3.1122355461120605,3.112645387649536,3.109611749649048,3.1128149032592773,3.1155478954315186,3.112769603729248
3.1170101165771484,3.113271951675415,3.1153459548950195,3.113204002380371,3.1123857498168945,3.113109827041626,3.1100025177001953,3.1131370067596436,3.1155788898468018,3.1133906841278076
3.1332950592041016,3.1292333602905273,3.1155130863189697,3.129446029663086,3.1285250186920166,3.130601406097412,3.125622034072876,3.130164623260498,3.130800724029541,3.130368947982788
3.133477210998535,3.145310640335083,3.131093978881836,3.145540714263916,3.144254207611084,3.1457319259643555,3.125720739364624,3.145946979522705,3.1465115547180176,3.1449778079986572
3.1491074562072754,3.148149251937866,3.1477744579315186,3.147529125213623,3.144369125366211,3.1468520164489746,3.140842914581299,3.147146701812744,3.1466357707977295,3.1473774909973145
3.1492152214050293,3.1604607105255127,3.1479170322418213,3.161405324935913,3.15962290763855,3.160677194595337,3.1568799018859863,3.1608502864837646,3.1616334915161133,3.1615731716156006
3.164008855819702,3.1766300201416016,3.1632041931152344,3.1764421463012695,3.175612688064575,3.177485227584839,3.1572158336639404,3.1778604984283447,3.17729115486145,3.1771371364593506
3.1801791191101074,3.178677558898926,3.1793272495269775,3.178096294403076,3.175712823867798,3.178335189819336,3.172203540802002,3.1795084476470947,3.177654981613159,3.1814544200897217
3.1802635192871094,3.1925456523895264,3.1796634197235107,3.1928858757019043,3.1911213397979736,3.1921262741088867,3.1867167949676514,3.19234037399292,3.192732095718384,3.1918740272521973
3.195230722427368,3.2081801891326904,3.1940433979034424,3.207777738571167,3.206601619720459,3.2084007263183594,3.187480926513672,3.208547353744507,3.2075648307800293,3.2092905044555664
3.2119359970092773,3.209994316101074,3.209707260131836,3.210202693939209,3.2066972255706787,3.2106974124908447,3.2029037475585938,3.2111034393310547,3.20794939994812,3.211266040802002
3.21220326423645,3.2233223915100098,3.209845542907715,3.223539352416992,3.2223777770996094,3.224444627761841,3.2176926136016846,3.2249088287353516,3.2226710319519043,3.225433588027954
3.22706937789917,3.2260751724243164,3.2251272201538086,3.2271790504455566,3.222480058670044,3.2265195846557617,3.21783709526062,3.2267096042633057,3.2381718158721924,3.226832866668701
3.243295192718506,3.2392337322235107,3.2252564430236816,3.2404356002807617,3.2383172512054443,3.239413022994995,3.2331900596618652,3.2398529052734375,3.2386186122894287,3.2400155067443848
3.2433924674987793,3.2542309761047363,3.24137020111084,3.2550086975097656,3.253392219543457,3.255204677581787,3.249110698699951,3.2547998428344727,3.2538158893585205,3.2553727626800537
3.258492946624756,3.2561118602752686,3.2563955783843994,3.256746530532837,3.253995895385742,3.2572035789489746,3.2494940757751465,3.257155656814575,3.268911123275757,3.257370710372925
3.2587015628814697,3.2706902027130127,3.2565367221832275,3.2704970836639404,3.269491672515869,3.2709133625030518,3.2646820545196533,3.271409273147583,3.26906156539917,3.271099328994751
3.2742552757263184,3.287018299102783,3.272399663925171,3.2864935398101807,3.284912347793579,3.2862682342529297,3.280837297439575,3.2880477905273438,3.285212755203247,3.286797046661377
3.2894937992095947,3.2885634899139404,3.2877275943756104,3.2882797718048096,3.2850444316864014,3.2889511585235596,3.28108286857605,3.2890186309814453,3.3004674911499023,3.2892072200775146
3.2896854877471924,3.3025858402252197,3.2878355979919434,3.302013635635376,3.300194501876831,3.30131196975708,3.2967281341552734,3.302168369293213,3.3005619049072266,3.3017098903656006
3.305164337158203,3.318528175354004,3.303464651107788,3.3179287910461426,3.3165814876556396,3.3181116580963135,3.296826124191284,3.3176980018615723,3.3169615268707275,3.3183186054229736
3.3202340602874756,3.3197805881500244,3.318936586380005,3.3194024562835693,3.316727876663208,3.319237470626831,3.3126823902130127,3.3195974826812744,3.317095994949341,3.320392370223999
3.320603132247925,3.3346617221832275,3.319072961807251,3.334500551223755,3.3324315547943115,3.3335859775543213,3.328542470932007,3.3340983390808105,3.332204818725586,3.3348753452301025
3.336573362350464,3.33530592918396,3.3342785835266113,3.335481882095337,3.3325552940368652,3.3356680870056152,3.3287758827209473,3.3367300033569336,3.348177194595337,3.3363029956817627
3.351829767227173,3.347705602645874,3.349558115005493,3.3492796421051025,3.3472225666046143,3.3489017486572266,3.3449156284332275,3.3487508296966553,3.348320960998535,3.3497531414031982
3.351931571960449,3.36344313621521,3.3499224185943604,3.364999771118164,3.362628698348999,3.3632915019989014,3.361534357070923,3.363598108291626,3.364257574081421,3.3637166023254395
3.3668646812438965,3.3648529052734375,3.365405559539795,3.36626935005188,3.3627047538757324,3.3646366596221924,3.3624894618988037,3.3659496307373047,3.3793318271636963,3.366133451461792
3.382981777191162,3.3797600269317627,3.3656563758850098,3.3795151710510254,3.3788702487945557,3.380460500717163,3.3771815299987793,3.3813743591308594,3.3796346187591553,3.3811070919036865
3.3832311630249023,3.398361921310425,3.3806772232055664,3.396310806274414,3.394960403442383,3.3968989849090576,3.377537250518799,3.3988840579986572,3.395745277404785,3.397167682647705
3.398214817047119,3.3992040157318115,3.395892858505249,3.399425983428955,3.3951587677001953,3.3986968994140625,3.3920083045959473,3.39906644821167,3.4115967750549316,3.3993940353393555
3.398488759994507,3.4123239517211914,3.396106481552124,3.4119558334350586,3.4104506969451904,3.4117801189422607,3.4078052043914795,3.4124345779418945,3.4121220111846924,3.4124674797058105
3.4128925800323486,3.427251100540161,3.411383867263794,3.4283745288848877,3.4262027740478516,3.427640914916992,3.4079272747039795,3.427414894104004,3.4269063472747803,3.4288077354431152
3.4285998344421387,3.4294610023498535,3.42659854888916,3.4294233322143555,3.426332950592041,3.4293699264526367,3.423093318939209,3.4297285079956055,3.427039384841919,3.4297661781311035
3.4289660453796387,3.4423296451568604,3.426719903945923,3.4425840377807617,3.4410970211029053,3.443138599395752,3.439331293106079,3.4429872035980225,3.4420595169067383,3.4428000450134277
3.4436116218566895,3.459270477294922,3.4418795108795166,3.458178997039795,3.456585168838501,3.4585540294647217,3.4398906230926514,3.459533929824829,3.4572055339813232,3.458364248275757
3.4591546058654785,3.4593749046325684,3.457017421722412,3.4594764709472656,3.456674814224243,3.459564447402954,3.455289363861084,3.459625005722046,3.4574384689331055,3.459596872329712
3.459210157394409,3.473811626434326,3.457318067550659,3.474184274673462,3.4726479053497314,3.474452495574951,3.470759391784668,3.474003314971924,3.4730045795440674,3.4746999740600586
3.4754528999328613,3.47566819190979,3.4724483489990234,3.4755542278289795,3.472766160964966,3.4756340980529785,3.4708566665649414,3.4756977558135986,3.4887893199920654,3.47572660446167
3.4901387691497803,3.489145040512085,3.487142324447632,3.491088628768921,3.4884562492370605,3.4908390045166016,3.4849936962127686,3.491252899169922,3.4889092445373535,3.491283655166626
3.4902966022491455,3.5049424171447754,3.487304449081421,3.5067038536071777,3.5039501190185547,3.5059351921081543,3.4852423667907715,3.5055999755859375,3.5046095848083496,3.506910800933838
3.5061287879943848,3.507509231567383,3.503572940826416,3.5076920986175537,3.504382610321045,3.508195161819458,3.5002870559692383,3.50829815864563,3.5188777446746826,3.5085654258728027
3.5218119621276855,3.520533323287964,3.51863169670105,3.52073335647583,3.5196120738983154,3.5209991931915283,3.5152957439422607,3.5202436447143555,3.519092321395874,3.5211386680603027
3.522062063217163,3.5367512702941895,3.518733263015747,3.5374608039855957,3.535911798477173,3.538417100906372,3.515489101409912,3.537247657775879,3.535236358642578,3.5381674766540527
3.5377297401428223,3.5393993854522705,3.5342941284179688,3.5391273498535156,3.535996913909912,3.5404021739959717,3.5314109325408936,3.540180206298828,3.5510168075561523,3.5405404567718506
3.5529325008392334,3.551527976989746,3.5491533279418945,3.551588535308838,3.5513484477996826,3.551647424697876,3.5473971366882324,3.5521814823150635,3.551182270050049,3.551992654800415
3.553196430206299,3.5686838626861572,3.5494351387023926,3.5684814453125,3.5676300525665283,3.570841073989868,3.5476925373077393,3.571218490600586,3.5671491622924805,3.5702574253082275
3.568901300430298,3.5704591274261475,3.564854383468628,3.571010112762451,3.567728042602539,3.5713391304016113,3.562436103820801,3.5717005729675293,3.567248821258545,3.570657730102539
3.569021701812744,3.5838794708251953,3.564950466156006,3.583810567855835,3.5835678577423096,3.5837738513946533,3.5770084857940674,3.5838496685028076,3.581760883331299,3.584233045578003
3.5837202072143555,3.584200382232666,3.579634428024292,3.5841619968414307,3.5836706161499023,3.5845279693603516,3.577366590499878,3.584456205368042,3.59775710105896,3.584498882293701
3.6003518104553223,3.60237717628479,3.5947670936584473,3.6021690368652344,3.5997982025146484,3.6012701988220215,3.5924108028411865,3.601989984512329,3.5982015132904053,3.6025490760803223
3.600452184677124,3.6182940006256104,3.595000982284546,3.617400884628296,3.615847587585449,3.617178201675415,3.608380079269409,3.617579698562622,3.6132380962371826,3.617731809616089
3.6156725883483887,3.6188690662384033,3.6105172634124756,3.6188442707061768,3.615966320037842,3.6187632083892822,3.608858108520508,3.6189517974853516,3.62894868850708,3.6189143657684326
3.63136887550354,3.632437229156494,3.625657796859741,3.6332483291625977,3.631673574447632,3.6336419582366943,3.6233439445495605,3.6345300674438477,3.629265785217285,3.634692907333374
3.6314661502838135,3.6465842723846436,3.625890016555786,3.6466481685638428,3.6463427543640137,3.646880865097046,3.638749122619629,3.6467506885528564,3.644460916519165,3.646713972091675
3.6472232341766357,3.647120714187622,3.641195774078369,3.647298812866211,3.646369457244873,3.647073268890381,3.639218330383301,3.6471517086029053,3.6608903408050537,3.647193670272827
3.66237211227417,3.6637754440307617,3.6569998264312744,3.665422201156616,3.6628384590148926,3.6639134883880615,3.654784917831421,3.6653871536254883,3.6609864234924316,3.6650099754333496
3.6624701023101807,3.665217638015747,3.6572060585021973,3.6655056476593018,3.662989854812622,3.665677309036255,3.6706764698028564,3.665548086166382,3.6754260063171387,3.665712833404541
3.6776204109191895,3.6784257888793945,3.6724328994750977,3.6787898540496826,3.6778652667999268,3.6797914505004883,3.6710033416748047,3.67962646484375,3.6755270957946777,3.6803438663482666
3.6937472820281982,3.6948084831237793,3.6880557537078857,3.695997953414917,3.693927526473999,3.69582200050354,3.687229871749878,3.696295976638794,3.692086935043335,3.6966636180877686
3.694248914718628,3.6980631351470947,3.6881585121154785,3.698094606399536,3.694032669067383,3.697996139526367,3.6873271465301514,3.698131799697876,3.7078118324279785,3.698282480239868
3.7087173461914062,3.7090835571289062,3.703622579574585,3.70929217338562,3.708796977996826,3.7095463275909424,3.7018611431121826,3.7097206115722656,3.707829236984253,3.7096779346466064
3.7089641094207764,3.7256240844726562,3.7193784713745117,3.7254421710968018,3.724700689315796,3.7264506816864014,3.7177529335021973,3.726186752319336,3.7239322662353516,3.7268943786621094
3.724214792251587,3.727083444595337,3.719468832015991,3.7271265983581543,3.7250993251800537,3.7271533012390137,3.717855215072632,3.727247953414917,3.739499807357788,3.7271807193756104
3.739821434020996,3.7408039569854736,3.7342488765716553,3.741025447845459,3.7399489879608154,3.741302967071533,3.733475923538208,3.7411692142486572,3.7396340370178223,3.742227792739868
3.740082263946533,3.75592041015625,3.7343838214874268,3.7569096088409424,3.7553932666778564,3.756699800491333,3.7500522136688232,3.7574729919433594,3.7552452087402344,3.7578351497650146
3.7555761337280273,3.758612632751465,3.7508819103240967,3.758986711502075,3.7557015419006348,3.758788824081421,3.750415086746216,3.7595279216766357,3.7700252532958984,3.7591419219970703
3.771176338195801,3.771791458129883,3.766113042831421,3.7718682289123535,3.771625518798828,3.771836757659912,3.7652933597564697,3.771970510482788,3.770043134689331,3.772007465362549
3.7713446617126465,3.7725627422332764,3.7662384510040283,3.772480010986328,3.772209644317627,3.7724485397338867,3.765556812286377,3.7725179195404053,3.7853052616119385,3.772611379623413
3.787277936935425,3.7875382900238037,3.7812390327453613,3.789264678955078,3.787080764770508,3.7894537448883057,3.7804763317108154,3.788905143737793,3.801330327987671,3.7883496284484863
3.8024682998657227,3.8038172721862793,3.796839714050293,3.8049142360687256,3.8031928539276123,3.804396867752075,3.796434164047241,3.804668426513672,3.8014252185821533,3.8063607215881348
3.8025741577148438,3.8056728839874268,3.7969956398010254,3.8060617446899414,3.8033878803253174,3.8065342903137207,3.796603202819824,3.8058722019195557,3.81673264503479,3.806708574295044
3.817596435546875,3.8196096420288086,3.812490463256836,3.820010185241699,3.8188014030456543,3.8198599815368652,3.8115053176879883,3.8203134536743164,3.816828966140747,3.8207764625549316
3.8332746028900146,3.8348464965820312,3.828004837036133,3.8352463245391846,3.8338568210601807,3.836029291152954,3.827662706375122,3.835540294647217,3.832364082336426,3.8358185291290283
3.833413600921631,3.8360936641693115,3.8281404972076416,3.8359365463256836,3.8339531421661377,3.8362114429473877,3.8279600143432617,3.8360579013824463,3.847429037094116,3.836134433746338
3.848449468612671,3.850607395172119,3.8429839611053467,3.850684881210327,3.8498783111572266,3.8503832817077637,3.843087673187256,3.8505706787109375,3.847447395324707,3.850252389907837
3.8487861156463623,3.8677077293395996,3.8582510948181152,3.8675320148468018,3.8661820888519287,3.8672842979431152,3.8585057258605957,3.8670268058776855,3.862649440765381,3.8677420616149902
3.8638758659362793,3.8679590225219727,3.858459711074829,3.8679959774017334,3.866745710372925,3.8680436611175537,3.8585236072540283,3.8681137561798096,3.879070520401001,3.8681528568267822
3.8791451454162598,3.8822097778320312,3.873284339904785,3.8817412853240967,3.881025552749634,3.882758855819702,3.8736159801483154,3.8824851512908936,3.8792688846588135,3.8831369876861572
3.879326820373535,3.8990533351898193,3.8892650604248047,3.898597478866577,3.897442579269409,3.898820638656616,3.890249729156494,3.8999853134155273,3.8945324420928955,3.8997082710266113
3.894890308380127,3.9005348682403564,3.889524221420288,3.901296854019165,3.8978168964385986,3.9011995792388916,3.890721321105957,3.9013617038726807,3.909536600112915,3.9013936519622803
3.910295248031616,3.912510871887207,3.9041683673858643,3.9127395153045654,3.9122605323791504,3.9133377075195312,3.9048662185668945,3.9131250381469727,3.90986704826355,3.9132790565490723
3.9104459285736084,3.913153886795044,3.919426202774048,3.913308620452881,3.9124815464019775,3.913501262664795,3.90488338470459,3.9136791229248047,3.9250571727752686,3.9137048721313477
3.925818920135498,3.928478479385376,3.9196388721466064,3.9305331707000732,3.927931547164917,3.929551839828491,3.9213802814483643,3.9297451972961426,3.9404141902923584,3.930692195892334
3.9416205883026123,3.943614959716797,3.9351236820220947,3.9469714164733887,3.9430222511291504,3.9441897869110107,3.936577558517456,3.944988250732422,3.9405102729797363,3.9459822177886963
3.9417178630828857,3.9457921981811523,3.9352734088897705,3.946991443634033,3.943175792694092,3.946396827697754,3.936858892440796,3.9471347332000732,3.9562783241271973,3.9468748569488525
3.9575390815734863,3.959338665008545,3.949967384338379,3.9600069522857666,3.9582409858703613,3.959873914718628,3.951495409011841,3.9596707820892334,3.956411361694336,3.9595112800598145
3.972913980484009,3.9750993251800537,3.966484785079956,3.974864959716797,3.974032402038574,3.975416898727417,3.967517614364624,3.9756157398223877,3.9725635051727295,3.97581148147583
3.973130226135254,3.976952075958252,3.966688871383667,3.976914167404175,3.9741854667663574,3.97674822807312,3.9676132202148438,3.9768643379211426,3.9881937503814697,3.977104425430298
3.988394260406494,3.9890456199645996,3.981914520263672,3.9893414974212646,3.988760232925415,3.9893712997436523,3.983391284942627,3.989464521408081,3.9882972240448,3.989657163619995
3.988614082336426,4.006104946136475,3.997793436050415,4.007071018218994,4.004417657852173,4.006541967391968,3.998474359512329,4.006886959075928,4.003988981246948,4.007281303405762
4.004812717437744,4.0091552734375,3.9982588291168213,4.009050130844116,4.004568338394165,4.008848428726196,3.998565912246704,4.008634805679321,4.019042491912842,4.0092246532440186
4.0202555656433105,4.019355297088623,4.013178586959839,4.019389867782593,4.019116401672363,4.019549369812012,4.013537168502808,4.019505500793457,4.019173860549927,4.019583463668823
4.0206382274627686,4.037140369415283,4.028684616088867,4.037319183349609,4.035663366317749,4.037945747375488,4.0300774574279785,4.0381669998168945,4.0351362228393555,4.038862705230713
4.036197662353516,4.039197206497192,4.028837203979492,4.03923773765564,4.035813570022583,4.039110422134399,4.030423641204834,4.039138078689575,4.050469636917114,4.039064168930054
4.051467418670654,4.053252458572388,4.043585538864136,4.053461790084839,4.052253484725952,4.053986072540283,4.0455100536346436,4.053710699081421,4.0505690574646,4.054018497467041
4.051567316055298,4.068097829818726,4.060296297073364,4.070152521133423,4.067629098892212,4.069755792617798,4.045740127563477,4.069551467895508,4.066134214401245,4.070009708404541
4.0665740966796875,4.070883274078369,4.0606653690338135,4.071382761001587,4.067725896835327,4.0711829662323,4.061603546142578,4.0718629360198975,4.06631875038147,4.071954011917114
4.082143783569336,4.083815574645996,4.075608015060425,4.083972215652466,4.083586931228638,4.0840535163879395,4.076882839202881,4.0840044021606445,4.081783056259155,4.084191560745239
4.082484245300293,4.08431601524353,4.07576322555542,4.084254741668701,4.08371376991272,4.084762334823608,4.077036380767822,4.084589242935181,4.098111391067505,4.084722995758057
4.098296403884888,4.0993616580963135,4.091139554977417,4.0997865200042725,4.098819255828857,4.100962400436401,4.09275221824646,4.100306510925293,4.0986716747283936,4.100529193878174
4.098412275314331,4.115505218505859,4.106664180755615,4.117343187332153,4.115013122558594,4.1170337200164795,4.109619379043579,4.11664342880249,4.113452196121216,4.116791486740112
4.114323616027832,4.118810415267944,4.106852769851685,4.119105815887451,4.115106105804443,4.118640661239624,4.1107800006866455,4.11898136138916,4.129792213439941,4.119068145751953
4.13002610206604,4.1312949657440186,4.121999263763428,4.131667137145996,4.130235910415649,4.132059335708618,4.124330997467041,4.13224458694458,4.130592584609985,4.132214546203613
4.130361557006836,4.146836042404175,4.1368632316589355,4.146639823913574,4.1454620361328125,4.148524522781372,4.140612363815308,4.147341966629028,4.145877838134766,4.1470654010772705
4.1452319622039795,4.1481709480285645,4.137152910232544,4.148782253265381,4.145617246627808,4.149441480636597,4.140706777572632,4.149479627609253,4.146418333053589,4.14954948425293
4.161263465881348,4.161781072616577,4.152893781661987,4.161456823348999,4.160320043563843,4.162477016448975,4.155516147613525,4.162155628204346,4.160799980163574,4.163591623306274
4.161589622497559,4.176729440689087,4.169306993484497,4.177094221115112,4.175705432891846,4.178776979446411,4.1555328369140625,4.178472518920898,4.176060199737549,4.178689479827881
4.177278995513916,4.178889513015747,4.169402837753296,4.178927659988403,4.175800323486328,4.1789772510528564,4.170604467391968,4.1791672706604,4.17621374130249,4.1791980266571045
4.193386793136597,4.192014694213867,4.184380769729614,4.191722393035889,4.190959692001343,4.193166732788086,4.185673475265503,4.192548751831055,4.192226886749268,4.192694425582886
4.193544626235962,4.209603309631348,4.184643268585205,4.207668304443359,4.206411361694336,4.208855628967285,4.186213731765747,4.209244728088379,4.208505392074585,4.209430694580078
4.208336353302002,4.211016654968262,4.200352191925049,4.210509777069092,4.206509113311768,4.210345029830933,4.201889753341675,4.211187362670898,4.208996534347534,4.211506366729736
4.208674907684326,4.22353196144104,4.215460538864136,4.2231199741363525,4.2217700481414795,4.222825050354004,4.216614246368408,4.223808288574219,4.223347187042236,4.223953008651733
4.224416732788086,4.2380101680755615,4.215680122375488,4.23840856552124,4.237001657485962,4.238784313201904,4.216948509216309,4.239952564239502,4.239527225494385,4.239101886749268
4.239259243011475,4.240149974822998,4.231701135635376,4.24053430557251,4.237472057342529,4.241686820983887,4.232807159423828,4.241488933563232,4.239782333374023,4.242146730422974
4.239670038223267,4.253499984741211,4.247107982635498,4.253094434738159,4.252238512039185,4.253896713256836,4.247772455215454,4.253355264663696,4.2542405128479,4.253690481185913
4.254448413848877,4.2684972286224365,4.247260332107544,4.269458293914795,4.2679243087768555,4.269653558731079,4.247964859008789,4.269229412078857,4.269893407821655,4.270444631576538
4.270646333694458,4.270834684371948,4.262738943099976,4.272801399230957,4.268045663833618,4.27264928817749,4.263808727264404,4.27229380607605,4.270308971405029,4.272463798522949
4.271077871322632,4.284321546554565,4.278049945831299,4.2848265171051025,4.2833099365234375,4.284163475036621,4.279196739196777,4.285021543502808,4.285410165786743,4.2851622104644775
4.286527156829834,4.28665018081665,4.278146028518677,4.28633713722229,4.283409118652344,4.286838531494141,4.279578685760498,4.287213325500488,4.3002331256866455,4.2878077030181885
4.301508665084839,4.299896240234375,4.2932538986206055,4.30039381980896,4.299387454986572,4.301867723464966,4.295753240585327,4.301112174987793,4.300532341003418,4.301313877105713
4.301594257354736,4.315379619598389,4.309239149093628,4.3159613609313965,4.3148581981658936,4.317270994186401,4.296438217163086,4.316540718078613,4.315166473388672,4.317999601364136
4.31776237487793,4.320084810256958,4.309335708618164,4.319299221038818,4.31501030921936,4.319114685058594,4.311328887939453,4.3198182582855225,4.331104040145874,4.32023549079895
4.332978248596191,4.333872079849243,4.324707984924316,4.333677053451538,4.330923795700073,4.332675933837891,4.326755046844482,4.333450794219971,4.331204175949097,4.334291934967041
4.3331215381622314,4.3481833934783936,4.325321674346924,4.3479323387146,4.3466784954071045,4.350455284118652,4.32685661315918,4.349606990814209,4.346492767333984,4.349835157394409
4.349414825439453,4.349206447601318,4.340230703353882,4.349017143249512,4.347066640853882,4.3512396812438965,4.3426513671875,4.35001802444458,4.346818208694458,4.351033687591553
4.350181341171265,4.3637213706970215,4.355499505996704,4.362861633300781,4.361891508102417,4.3639235496521,4.358178377151489,4.363501310348511,4.362656593322754,4.363306999206543
4.365170478820801,4.378234148025513,4.355612277984619,4.3787360191345215,4.377610683441162,4.379015207290649,4.3586626052856445,4.379468202590942,4.377795219421387,4.379764080047607
4.380401849746704,4.381488561630249,4.371588468551636,4.381417989730835,4.377927780151367,4.381369352340698,4.373830556869507,4.381448984146118,4.378036022186279,4.38152003288269
4.3805460929870605,4.392525911331177,4.386435270309448,4.3929150104522705,4.392251253128052,4.393155813217163,4.389014482498169,4.3928117752075195,4.3924620151519775,4.392841339111328
4.396005392074585,4.393223762512207,4.386657476425171,4.393258094787598,4.392619848251343,4.393325090408325,4.389616966247559,4.39335036277771,4.4082865715026855,4.393300294876099
4.411185264587402,4.4093708992004395,4.402167558670044,4.409809350967407,4.40864109992981,4.410028696060181,4.405015468597412,4.410635948181152,4.408418655395508,4.410675287246704
4.411536931991577,4.4251604080200195,4.418769836425781,4.426131963729858,4.424693584442139,4.426000356674194,4.420982122421265,4.426321744918823,4.4232423305511475,4.427396297454834
4.426563024520874,4.42777156829834,4.418868064880371,4.42788290977478,4.424802780151367,4.4278106689453125,4.421426773071289,4.427846431732178,4.4381725788116455,4.427919387817383
4.442077159881592,4.440351724624634,4.433454275131226,4.44032621383667,4.440170049667358,4.440650939941406,4.436483144760132,4.4406163692474365,4.438375234603882,4.440703392028809
4.44222354888916,4.456671476364136,4.449947118759155,4.457236051559448,4.456327199935913,4.457448720932007,4.436826705932617,4.457903146743774,4.4537553787231445,4.458123207092285
4.4576640129089355,4.458767890930176,4.450049638748169,4.459639310836792,4.456427335739136,4.459829092025757,4.4517457485198975,4.460347890853882,4.468847036361694,4.460163116455078
4.473212718963623,4.471679925918579,4.464871168136597,4.472198486328125,4.471198320388794,4.472809791564941,4.467888593673706,4.472604513168335,4.468947410583496,4.4737889766693115
4.473323583602905,4.487015008926392,4.464895725250244,4.487809658050537,4.486634016036987,4.488163948059082,4.468047857284546,4.488987684249878,4.485069990158081,4.489426612854004
4.489209413528442,4.490943670272827,4.481094121932983,4.491093873977661,4.486780881881714,4.491827011108398,4.483834743499756,4.491305828094482,4.500539064407349,4.491519451141357
4.489556789398193,4.503218412399292,4.497033357620239,4.503054618835449,4.502447843551636,4.505324602127075,4.499492406845093,4.5052549839019775,4.5006327629089355,4.505733966827393
4.504234790802002,4.505496263504028,4.497215986251831,4.505634546279907,4.502543926239014,4.50580096244812,4.500389814376831,4.50566554069519,4.515525579452515,4.505840063095093
4.520230293273926,4.5187904834747314,4.513667821884155,4.519045829772949,4.517617702484131,4.519260883331299,4.51481294631958,4.5185370445251465,4.530660629272461,4.5195472240448
4.52056884765625,4.536770343780518,4.529168128967285,4.535056829452515,4.533555507659912,4.5370073318481445,4.530808925628662,4.534904718399048,4.530949115753174,4.535285711288452
4.535427570343018,4.53721809387207,4.529319763183594,4.537439823150635,4.534086465835571,4.537944793701172,4.531033754348755,4.538119316101074,4.546980381011963,4.537757873535156
4.550555944442749,4.549872159957886,4.544749975204468,4.549687623977661,4.54842734336853,4.551503419876099,4.546105146408081,4.551056146621704,4.547074556350708,4.5503456592559814
4.550699710845947,4.565218925476074,4.5448455810546875,4.565900802612305,4.564425706863403,4.5669355392456055,4.546467304229736,4.566131830215454,4.562272548675537,4.566321849822998
4.565605878829956,4.567494630813599,4.560335874557495,4.567931413650513,4.564523220062256,4.568679094314575,4.562108755111694,4.568480968475342,4.578301429748535,4.568948745727539
4.580902814865112,4.579787731170654,4.576217174530029,4.580129861831665,4.57958459854126,4.5804362297058105,4.578207969665527,4.580799579620361,4.578362941741943,4.580679416656494
4.581155300140381,4.5992913246154785,4.576295852661133,4.600432872772217,4.595870018005371,4.598871469497681,4.578587770462036,4.597942590713501,4.59383749961853,4.600063323974609
4.5964624881744385,4.599407911300659,4.591369390487671,4.60077977180481,4.595974922180176,4.598954677581787,4.593042850494385,4.60063099861145,4.610321521759033,4.600231885910034
4.612017869949341,4.612772464752197,4.60748553276062,4.613704204559326,4.611808776855469,4.613936424255371,4.608376979827881,4.614150047302246,4.610475301742554,4.615386724472046
4.612338066101074,4.628378629684448,4.607579708099365,4.627712726593018,4.626987457275391,4.62825083732605,4.608518362045288,4.6286256313323975,4.626389503479004,4.6290600299835205
4.62790846824646,4.631005525588989,4.622803449630737,4.631393909454346,4.627083778381348,4.630787372589111,4.624327898025513,4.631223917007446,4.626692533493042,4.63153338432312
4.643114328384399,4.6442954540252686,4.637959241867065,4.64411187171936,4.642972230911255,4.643932580947876,4.638900518417358,4.644431829452515,4.642170190811157,4.645304918289185
4.643358469009399,4.645732641220093,4.63801121711731,4.646148443222046,4.643225431442261,4.648721218109131,4.639192819595337,4.646111249923706,4.657280445098877,4.646049499511719
4.6583733558654785,4.6581385135650635,4.653205394744873,4.65889310836792,4.657460927963257,4.658542633056641,4.655264854431152,4.659052133560181,4.657657861709595,4.6591103076934814
4.6587488651275635,4.673872709274292,4.669466972351074,4.674801349639893,4.673120975494385,4.674543142318726,4.655540466308594,4.6751627922058105,4.672434329986572,4.67545747756958
4.674229145050049,4.675782918930054,4.669629812240601,4.675851821899414,4.673218250274658,4.676019668579102,4.671736001968384,4.6759889125823975,4.688196659088135,4.676058769226074
4.690202474594116,4.6882405281066895,4.6841349601745605,4.68813157081604,4.687935829162598,4.688482046127319,4.687215089797974,4.68839955329895,4.688336610794067,4.688434600830078
4.690361022949219,4.704896926879883,4.70030951499939,4.704785346984863,4.704310417175293,4.705016374588013,4.687232732772827,4.70485520362854,4.704372882843018,4.705166339874268
4.705305337905884,4.7053515911102295,4.700560808181763,4.705405950546265,4.7047224044799805,4.705575942993164,4.702731609344482,4.705692529678345,4.720763683319092,4.705648422241211
4.721159934997559,4.719601392745972,4.7164435386657715,4.720250368118286,4.719191551208496,4.720533609390259,4.718123435974121,4.721351861953735,4.720926761627197,4.721653699874878
4.721507549285889,4.7361578941345215,4.716542482376099,4.737504959106445,4.735201835632324,4.73643946647644,4.718254804611206,4.736632585525513,4.7357659339904785,4.737716913223267
4.737289667129517,4.739027738571167,4.731402397155762,4.738793849945068,4.7352986335754395,4.739680767059326,4.734083414077759,4.7395195960998535,4.7358925342559814,4.7392425537109375
4.752288341522217,4.754362106323242,4.746541261672974,4.753546476364136,4.751696586608887,4.753978490829468,4.750102996826172,4.753760814666748,4.752102375030518,4.754473447799683
4.7523863315582275,4.767056465148926,4.746613025665283,4.767012596130371,4.766756534576416,4.766963720321655,4.750582933425903,4.767183303833008,4.767132520675659,4.767212390899658
4.767101287841797,4.767498970031738,4.761371374130249,4.767565727233887,4.766822338104248,4.767601013183594,4.765375137329102,4.7676262855529785,4.767300128936768,4.767528533935547
4.782988786697388,4.783513307571411,4.776607275009155,4.783472061157227,4.783266305923462,4.783804893493652,4.765610694885254,4.783751726150513,4.782607555389404,4.78396463394165
4.783173322677612,4.785406112670898,4.776862621307373,4.785518646240234,4.784785509109497,4.785633325576782,4.780658960342407,4.785755157470703,4.797900199890137,4.7858803272247314
4.799036979675293,4.800091505050659,4.791918754577637,4.799823045730591,4.799407720565796,4.800317287445068,4.796609878540039,4.800371170043945,4.798004388809204,4.800271272659302
4.799055099487305,4.814469575881958,4.8081114292144775,4.814607381820679,4.81416392326355,4.814771413803101,4.796952486038208,4.814883232116699,4.813667297363281,4.814990282058716
4.8150575160980225,4.815100193023682,4.808208465576172,4.8152015209198,4.814306974411011,4.815380573272705,4.812574863433838,4.815403938293457,4.829040288925171,4.815452337265015
4.831139802932739,4.8298180103302,4.823686838150024,4.8297858238220215,4.829542875289917,4.830120086669922,4.829375267028809,4.830288410186768,4.829186916351318,4.830093145370483
4.831280946731567,4.845372438430786,4.839378118515015,4.845401763916016,4.845168828964233,4.845611572265625,4.829579591751099,4.84575891494751,4.845069885253906,4.84569525718689
4.847445726394653,4.845933198928833,4.839615821838379,4.846167087554932,4.845194339752197,4.846049070358276,4.844883680343628,4.846633195877075,4.860577821731567,4.847136735916138
4.862575531005859,4.862084150314331,4.85523796081543,4.861076831817627,4.860706806182861,4.862323999404907,4.8599326610565186,4.861365079879761,4.860811471939087,4.862350702285767
4.862597227096558,4.877070665359497,4.855273008346558,4.877221584320068,4.876823663711548,4.877556324005127,4.860077619552612,4.877432584762573,4.87629508972168,4.877581834793091
4.877285480499268,4.878156661987305,4.870932340621948,4.878018379211426,4.876909494400024,4.87793231010437,4.875201225280762,4.878127574920654,4.876327753067017,4.877955436706543
4.892869710922241,4.8936896324157715,4.887314796447754,4.893488168716431,4.8927812576293945,4.89352822303772,4.875726222991943,4.893564224243164,4.891729116439819,4.893866062164307
4.893103122711182,4.893905401229858,4.887404203414917,4.893945693969727,4.892996549606323,4.89400053024292,4.890537261962891,4.8937835693359375,4.907034873962402,4.894032955169678
4.908587455749512,4.907795667648315,4.9023942947387695,4.907761573791504,4.907564640045166,4.907870292663574,4.906336784362793,4.9080071449279785,4.90731406211853,4.907965183258057
4.90874981880188,4.9240851402282715,4.918294906616211,4.92392110824585,4.923625230789185,4.924036979675293,4.906580924987793,4.9239561557769775,4.923081398010254,4.924000263214111
4.923583269119263,4.924446105957031,4.918539047241211,4.924559116363525,4.923703670501709,4.924481391906738,4.922452211380005,4.924595832824707,4.939366579055786,4.924625635147095
4.938586950302124,4.939647674560547,4.933019638061523,4.939807176589966,4.939458847045898,4.9399354457855225,4.938770532608032,4.939974069595337,4.939685583114624,4.939880847930908
4.938719272613525,4.95588755607605,4.948253154754639,4.9560301303863525,4.955535888671875,4.955770969390869,4.939030170440674,4.955929756164551,4.954597234725952,4.956066846847534
4.954005479812622,4.955988168716431,4.9484169483184814,4.95638108253479,4.955830812454224,4.95634913444519,4.954545974731445,4.956284999847412,4.969669818878174,4.956312656402588
4.9692442417144775,4.972220420837402,4.964680433273315,4.972083806991577,4.971794366836548,4.972029447555542,4.970167398452759,4.972314834594727,4.970053195953369,4.97212028503418
4.96943473815918,4.987645864486694,4.965131759643555,4.987687349319458,4.987393617630005,4.987739562988281,4.970185995101929,4.987841844558716,4.984785556793213,4.9878857135772705
4.985069274902344,4.988060235977173,4.9805662631988525,4.988015651702881,4.987528085708618,4.988134145736694,4.985478162765503,4.988246440887451,5.000734567642212,4.988274574279785
5.000169515609741,5.003776550292969,4.996095657348633,5.003956317901611,5.003532409667969,5.003693580627441,4.985765218734741,5.004163503646851,5.000913381576538,5.003808259963989
5.000339984893799,5.004044532775879,4.996306419372559,5.004006624221802,5.003550291061401,5.004074335098267,5.001275539398193,5.004178524017334,5.016123056411743,5.003982067108154
5.016019105911255,5.0194785594940186,5.011184215545654,5.019524574279785,5.019295930862427,5.019579172134399,5.016663312911987,5.019623756408691,5.016294956207275,5.019657373428345
,,5.026497840881348,,,,5.01712965965271,,,
,,5.0266478061676025,,,,,,,
